0,1,2,3,4,5,6,7,8,9,10,11,12,13,14,15,16,17,18,19,20,21,22,23,24,25,26,27,28,29,30,31,32,33,34,35,36,37,38,39,40,41,42,43,44,45,46,47,48,49,50,51,52,53,54,55,56,57,58,59,60,61,62,63,64,65,66,67,68,69,70,71,72,73,74,75,76,77,78,79,80,81,82,83,84,85,86,87,88,89,90,91,92,93,94,95,96,97,98,99
6862.0,49386.0,57089.0,57085.0,57214.0,57227.0,57509.0,57627.0,57924.0,58018.0,57710.0,57956.0,58109.0,58379.0,58231.0,58443.0,59133.0,58678.0,58928.0,59085.0,58927.0,58928.0,58996.0,59246.0,59236.0,59123.0,58971.0,59213.0,59362.0,59368.0,59547.0,59408.0,59327.0,59182.0,59560.0,59470.0,59041.0,59271.0,58945.0,58968.0,59321.0,59142.0,59265.0,59342.0,59249.0,59254.0,59389.0,59519.0,59616.0,59447.0,59726.0,59666.0,59370.0,59064.0,59278.0,59565.0,59367.0,59237.0,59131.0,59088.0,59201.0,59507.0,59677.0,59271.0,59262.0,59437.0,59202.0,59261.0,59355.0,59128.0,59346.0,58907.0,58913.0,58783.0,58824.0,58782.0,58547.0,58646.0,58673.0,58617.0,58199.0,57958.0,57775.0,57749.0,58089.0,57240.0,57346.0,57107.0,57305.0,56505.0,57005.0,56519.0,55862.0,55877.0,55642.0,54840.0,54718.0,54023.0,53114.0,52579.0
51968.0,52262.0,29494.0,34442.0,37721.0,41269.0,43735.0,46011.0,47389.0,47959.0,48129.0,48498.0,48699.0,49178.0,49017.0,49375.0,50110.0,50684.0,51246.0,51760.0,52187.0,52217.0,52404.0,53201.0,53930.0,54754.0,55342.0,55444.0,55710.0,56001.0,56316.0,56661.0,56815.0,57215.0,58156.0,57947.0,58160.0,57999.0,57474.0,57469.0,57077.0,57035.0,57285.0,57085.0,56984.0,57082.0,57111.0,57249.0,57243.0,56744.0,56938.0,56637.0,56618.0,56959.0,56793.0,56670.0,56417.0,56759.0,57191.0,56721.0,56589.0,56371.0,56578.0,56720.0,56350.0,56457.0,56383.0,56090.0,56268.0,56284.0,56231.0,55897.0,56070.0,55677.0,55711.0,56011.0,55805.0,55992.0,55607.0,55523.0,54794.0,54257.0,53634.0,52781.0,51672.0,50282.0,50125.0,49656.0,49347.0,48964.0,44956.0,39174.0,52296.0,52317.0,52162.0,52468.0,52177.0,52216.0,52379.0,52290.0
28002.0,28031.0,28032.0,28072.0,28393.0,27942.0,28145.0,28562.0,27821.0,28593.0,33621.0,47209.0,48712.0,49303.0,50010.0,50151.0,51586.0,51712.0,52110.0,52403.0,52583.0,53503.0,53927.0,54949.0,55297.0,55895.0,55783.0,56250.0,56236.0,56883.0,57095.0,57516.0,57800.0,58099.0,58512.0,58416.0,57719.0,57731.0,57267.0,57378.0,57180.0,57676.0,57110.0,57312.0,57133.0,57154.0,56876.0,57155.0,56842.0,56802.0,56369.0,56716.0,56511.0,56812.0,57263.0,56739.0,56852.0,56853.0,57049.0,56772.0,56821.0,56907.0,56528.0,56610.0,56620.0,56707.0,56565.0,56452.0,56137.0,56147.0,56384.0,56017.0,56094.0,56147.0,55860.0,56245.0,55875.0,55634.0,55314.0,55180.0,54418.0,53712.0,52990.0,51788.0,50972.0,50172.0,49764.0,49267.0,49397.0,49358.0,48873.0,48122.0,47218.0,45404.0,43612.0,41399.0,38688.0,35763.0,31807.0,26212.0
25726.0,25484.0,36080.0,39608.0,42384.0,44491.0,45450.0,46414.0,46568.0,46901.0,47326.0,47266.0,48155.0,48488.0,49412.0,49705.0,50771.0,51771.0,52213.0,52450.0,52929.0,53067.0,53484.0,54424.0,55163.0,55366.0,55498.0,55603.0,55863.0,56285.0,57061.0,57052.0,57317.0,57521.0,58277.0,57956.0,58423.0,58263.0,57724.0,57799.0,57556.0,57523.0,57464.0,57628.0,57343.0,57342.0,57160.0,57451.0,57091.0,57462.0,57165.0,56427.0,56318.0,56643.0,57109.0,56948.0,56956.0,57160.0,57019.0,57042.0,56838.0,56882.0,56876.0,56903.0,56837.0,56620.0,56655.0,56478.0,56634.0,56551.0,56580.0,56577.0,56375.0,56345.0,56429.0,55998.0,56024.0,56071.0,55719.0,56162.0,55951.0,55715.0,55389.0,54574.0,53997.0,52737.0,51914.0,50886.0,50042.0,49491.0,47880.0,32919.0,25817.0,25822.0,25587.0,25595.0,25819.0,25667.0,25708.0,25535.0
35110.0,34991.0,35277.0,35267.0,35107.0,35420.0,35262.0,35291.0,35224.0,36017.0,36704.0,41994.0,47105.0,48689.0,50283.0,50557.0,50533.0,51739.0,52119.0,53300.0,53325.0,53319.0,53434.0,54623.0,54734.0,55355.0,55533.0,55307.0,55425.0,55340.0,55837.0,56632.0,57173.0,57478.0,57499.0,58101.0,58676.0,58361.0,58155.0,58333.0,57760.0,57856.0,57729.0,57587.0,57467.0,57531.0,57521.0,57534.0,57315.0,57220.0,57202.0,56950.0,56842.0,57323.0,56908.0,57141.0,57478.0,57097.0,57130.0,57375.0,57180.0,57095.0,57057.0,57196.0,56975.0,57310.0,57104.0,57192.0,56949.0,56839.0,56755.0,56555.0,56863.0,56823.0,56531.0,56273.0,56516.0,56333.0,56485.0,56072.0,55876.0,56026.0,55971.0,55577.0,55522.0,54443.0,54196.0,52917.0,52454.0,50475.0,50417.0,49289.0,49245.0,49185.0,48886.0,47911.0,47113.0,44412.0,43475.0,40955.0
38340.0,39714.0,41325.0,43426.0,45138.0,45743.0,46151.0,45787.0,46019.0,46163.0,47216.0,48166.0,49317.0,50796.0,51299.0,51462.0,52261.0,52929.0,53411.0,53444.0,54266.0,53964.0,54676.0,55267.0,55408.0,55699.0,55279.0,54486.0,54539.0,55600.0,56663.0,57253.0,57585.0,58075.0,57983.0,58715.0,58664.0,58302.0,58388.0,57989.0,57771.0,57749.0,57560.0,57694.0,57622.0,57910.0,57339.0,57531.0,57810.0,57424.0,57129.0,57312.0,57594.0,57290.0,57362.0,57370.0,57429.0,57326.0,57208.0,57255.0,56961.0,57390.0,57614.0,57269.0,57133.0,57292.0,57208.0,57273.0,56843.0,57155.0,56400.0,56468.0,56737.0,56610.0,56435.0,56533.0,56702.0,56319.0,56144.0,55954.0,56194.0,55983.0,55948.0,55860.0,55535.0,54765.0,53933.0,51005.0,46553.0,36193.0,34930.0,34825.0,34925.0,35018.0,34699.0,35010.0,35038.0,34914.0,34808.0,37055.0
40256.0,40325.0,40415.0,40607.0,40188.0,40820.0,40617.0,40539.0,40836.0,40755.0,40422.0,39996.0,40263.0,40191.0,40387.0,44446.0,49719.0,53254.0,54052.0,54235.0,54862.0,54849.0,55634.0,55737.0,55330.0,53831.0,53408.0,53823.0,55367.0,56776.0,57635.0,57691.0,58019.0,58635.0,58659.0,58490.0,58685.0,58377.0,58039.0,57903.0,57656.0,57715.0,57478.0,57662.0,57924.0,57656.0,57500.0,57656.0,57175.0,57276.0,57533.0,57386.0,57285.0,57724.0,57539.0,57405.0,57735.0,57469.0,57482.0,57668.0,57413.0,57325.0,57500.0,57486.0,57464.0,57298.0,57403.0,57133.0,56984.0,57099.0,56712.0,56889.0,56774.0,56668.0,56949.0,56446.0,56355.0,56378.0,55865.0,55951.0,55847.0,55892.0,55798.0,54912.0,55007.0,54380.0,53675.0,52771.0,52052.0,50643.0,49616.0,49282.0,48952.0,48157.0,47414.0,46537.0,45540.0,43842.0,42852.0,41516.0
40973.0,40925.0,43800.0,45374.0,46015.0,46045.0,46194.0,46404.0,46983.0,48135.0,49706.0,50849.0,51840.0,52538.0,52797.0,52943.0,53155.0,53857.0,53688.0,53975.0,54226.0,54952.0,54836.0,55612.0,55707.0,55220.0,54023.0,53188.0,52650.0,53829.0,55884.0,57123.0,58196.0,58028.0,58335.0,58784.0,58830.0,58534.0,57987.0,58180.0,58307.0,57780.0,57915.0,57825.0,57615.0,57920.0,57447.0,57760.0,57667.0,57563.0,57416.0,57796.0,57757.0,57320.0,57653.0,57821.0,57658.0,57642.0,57680.0,57749.0,57619.0,57373.0,57795.0,57639.0,57516.0,57380.0,57243.0,57457.0,57336.0,57358.0,57012.0,57408.0,57280.0,56775.0,56696.0,56368.0,56379.0,56593.0,56361.0,56288.0,56256.0,55953.0,55871.0,55767.0,55259.0,55020.0,55106.0,54517.0,54119.0,52557.0,46650.0,41667.0,40839.0,40948.0,41151.0,40777.0,40641.0,40783.0,40809.0,40674.0
43278.0,43480.0,43304.0,43198.0,43508.0,43223.0,43313.0,43477.0,43575.0,43222.0,43800.0,44455.0,47465.0,52618.0,53634.0,53773.0,53663.0,53990.0,53773.0,53989.0,54162.0,54415.0,54825.0,55141.0,55151.0,55478.0,55649.0,54965.0,53863.0,54148.0,54582.0,56039.0,57244.0,57908.0,58264.0,58469.0,58634.0,58808.0,58668.0,58567.0,58493.0,58295.0,57871.0,58159.0,58108.0,57930.0,57954.0,57945.0,58236.0,57841.0,57933.0,57468.0,57587.0,57807.0,57792.0,57693.0,57864.0,57964.0,58160.0,57357.0,57719.0,57881.0,58004.0,57814.0,57677.0,57558.0,57631.0,57564.0,57269.0,57667.0,57564.0,57470.0,57358.0,57327.0,57227.0,57081.0,56932.0,56750.0,56830.0,56968.0,56352.0,56204.0,56013.0,55587.0,55548.0,55524.0,54986.0,55364.0,54986.0,55087.0,53753.0,53777.0,51243.0,51068.0,48958.0,48593.0,47271.0,46946.0,46482.0,46374.0
45411.0,46024.0,45685.0,46467.0,46566.0,48946.0,49202.0,51281.0,51238.0,52877.0,52842.0,53549.0,53710.0,54557.0,53967.0,54612.0,54263.0,54716.0,54800.0,54976.0,55241.0,55364.0,55665.0,55215.0,55027.0,54647.0,55612.0,56734.0,57439.0,57932.0,58223.0,58028.0,58816.0,58282.0,58862.0,58555.0,58503.0,58596.0,58121.0,58065.0,58198.0,58117.0,58132.0,58348.0,58169.0,58012.0,58073.0,57958.0,57702.0,58044.0,58182.0,58124.0,57812.0,58134.0,58018.0,57767.0,57979.0,57982.0,57803.0,57964.0,57751.0,57612.0,57883.0,57879.0,57486.0,57508.0,57658.0,57642.0,57398.0,56902.0,57305.0,56926.0,57213.0,57020.0,57055.0,56510.0,56678.0,56384.0,56385.0,55607.0,55586.0,55600.0,55581.0,55913.0,56038.0,55718.0,55517.0,51952.0,46720.0,45935.0,44897.0,45154.0,44777.0,45189.0,45188.0,45538.0,44888.0,45256.0,44937.0,45036.0
45360.0,44442.0,44643.0,44701.0,44719.0,44787.0,44230.0,44583.0,44576.0,44683.0,44398.0,44351.0,45013.0,45413.0,46116.0,51565.0,54355.0,54691.0,54846.0,54890.0,54554.0,54690.0,54823.0,55044.0,55519.0,55224.0,55173.0,55494.0,55483.0,55196.0,56287.0,57050.0,58244.0,58019.0,58842.0,58578.0,58584.0,58931.0,58757.0,58748.0,58501.0,58485.0,58293.0,58523.0,58525.0,58245.0,58500.0,58221.0,58216.0,58407.0,58154.0,58271.0,58169.0,58346.0,58209.0,58369.0,58167.0,58598.0,58216.0,58006.0,58099.0,58223.0,58143.0,58281.0,57970.0,58001.0,57708.0,58112.0,58065.0,57849.0,57778.0,57385.0,57273.0,57211.0,57527.0,57254.0,56976.0,56818.0,57047.0,56758.0,56800.0,56483.0,56173.0,55938.0,55897.0,56238.0,56170.0,56325.0,56108.0,55789.0,55346.0,54681.0,54281.0,53374.0,51668.0,51188.0,49221.0,48945.0,47692.0,48032.0
48093.0,48186.0,46706.0,48238.0,49651.0,51348.0,51939.0,52753.0,53062.0,53186.0,53423.0,53946.0,54239.0,54743.0,54783.0,54792.0,55007.0,55138.0,55081.0,55338.0,55314.0,55341.0,55470.0,55426.0,55445.0,55678.0,56192.0,56390.0,57573.0,58025.0,58449.0,58666.0,58847.0,58563.0,59374.0,58971.0,59230.0,58622.0,58673.0,58845.0,58400.0,58480.0,58425.0,58503.0,58396.0,58145.0,58574.0,58314.0,58188.0,58511.0,58314.0,58327.0,58433.0,58452.0,58455.0,58370.0,58462.0,58527.0,58453.0,58195.0,58360.0,58200.0,57867.0,57994.0,58312.0,57833.0,57883.0,57469.0,57602.0,57440.0,57253.0,57453.0,57135.0,57065.0,56789.0,57079.0,56557.0,56505.0,55982.0,56082.0,56318.0,56278.0,56607.0,56730.0,55917.0,55604.0,55269.0,50174.0,48324.0,48046.0,47687.0,47923.0,47947.0,47751.0,47855.0,48028.0,47870.0,48018.0,47959.0,47834.0
45558.0,45408.0,45101.0,44883.0,45154.0,44979.0,45200.0,44713.0,45336.0,45007.0,44939.0,45049.0,45143.0,45621.0,45901.0,51372.0,54083.0,55165.0,55277.0,55578.0,55328.0,55820.0,55753.0,55527.0,55562.0,56003.0,56168.0,56282.0,56267.0,56613.0,56379.0,57288.0,57632.0,58270.0,58446.0,58912.0,59148.0,59613.0,59259.0,59291.0,59275.0,59058.0,58443.0,58376.0,58413.0,58752.0,58449.0,58771.0,58585.0,58669.0,58341.0,58345.0,58573.0,58148.0,58473.0,58645.0,58267.0,58647.0,58276.0,58416.0,58657.0,58509.0,58594.0,58558.0,58178.0,58222.0,58294.0,58058.0,58135.0,57940.0,57747.0,57573.0,57352.0,57362.0,57213.0,56688.0,56634.0,56662.0,56566.0,56800.0,56491.0,56113.0,56471.0,56678.0,56772.0,56694.0,57088.0,56100.0,56183.0,55425.0,54960.0,54637.0,54590.0,54439.0,54025.0,53583.0,52143.0,50643.0,50166.0,48303.0
48723.0,48561.0,48080.0,48219.0,51027.0,51822.0,53420.0,53681.0,53918.0,54302.0,53997.0,54165.0,54144.0,54413.0,54999.0,55209.0,55808.0,56553.0,56427.0,56635.0,56572.0,56621.0,56806.0,56968.0,57127.0,57402.0,57444.0,57639.0,58053.0,58211.0,58567.0,59140.0,59340.0,59406.0,59571.0,59825.0,59287.0,59231.0,58938.0,58927.0,58733.0,58689.0,58694.0,58756.0,58489.0,58855.0,58713.0,58785.0,58536.0,58510.0,58869.0,58211.0,58468.0,58540.0,58575.0,58422.0,58480.0,58522.0,58698.0,58103.0,58460.0,58367.0,58515.0,58216.0,58092.0,58273.0,57993.0,57679.0,57874.0,57639.0,57327.0,56924.0,56840.0,56339.0,56512.0,56574.0,56647.0,56735.0,56873.0,56667.0,57104.0,57190.0,56799.0,56368.0,55669.0,55278.0,54830.0,49699.0,48565.0,48585.0,48410.0,48602.0,48604.0,48526.0,48508.0,48402.0,48466.0,48195.0,48631.0,48529.0
46929.0,46438.0,45133.0,44824.0,44803.0,45104.0,45033.0,45165.0,45021.0,44996.0,44901.0,45105.0,45434.0,45361.0,46081.0,49116.0,54255.0,55360.0,56135.0,56083.0,56576.0,56949.0,56869.0,57123.0,57101.0,57268.0,57658.0,57818.0,57986.0,57903.0,57952.0,58305.0,58717.0,58973.0,59168.0,59044.0,59329.0,59684.0,59687.0,59342.0,59351.0,59096.0,59221.0,58928.0,59007.0,58886.0,58841.0,59132.0,58555.0,58893.0,58655.0,58908.0,58748.0,58651.0,58253.0,58396.0,58633.0,58654.0,58306.0,58444.0,58641.0,58724.0,58624.0,58596.0,58228.0,58549.0,58505.0,58483.0,58556.0,58091.0,58087.0,58041.0,57934.0,57807.0,57518.0,57008.0,56712.0,56801.0,56730.0,56861.0,56868.0,56917.0,56939.0,57234.0,57054.0,57328.0,57249.0,56603.0,56744.0,55414.0,55448.0,55071.0,55196.0,54818.0,54327.0,53756.0,53401.0,51355.0,50666.0,48668.0
48418.0,48600.0,50371.0,50718.0,52799.0,53206.0,54423.0,54543.0,55276.0,55007.0,55373.0,55294.0,55476.0,55552.0,55890.0,56199.0,56910.0,56937.0,57401.0,57440.0,57473.0,57788.0,57603.0,57998.0,58227.0,58238.0,58437.0,58800.0,59075.0,59285.0,59036.0,59461.0,59294.0,59577.0,59849.0,59541.0,59523.0,59787.0,58981.0,59066.0,59183.0,59204.0,59068.0,58979.0,59003.0,58954.0,58614.0,58606.0,58677.0,57933.0,58205.0,57781.0,58154.0,58498.0,58709.0,58758.0,58519.0,58572.0,58684.0,58856.0,58636.0,58719.0,58667.0,58422.0,58119.0,58323.0,57968.0,58217.0,58094.0,57929.0,58109.0,57936.0,57327.0,57252.0,56921.0,56930.0,57043.0,57113.0,57488.0,57188.0,57157.0,57086.0,57419.0,56482.0,55668.0,56292.0,54667.0,49314.0,48129.0,48080.0,48335.0,48176.0,47919.0,47686.0,48030.0,47996.0,48197.0,47945.0,48193.0,48237.0
47986.0,47420.0,45962.0,46204.0,46483.0,46364.0,46554.0,46137.0,46275.0,46507.0,46313.0,46501.0,46556.0,46480.0,47715.0,51944.0,55367.0,56405.0,56215.0,56664.0,56783.0,57210.0,57415.0,57685.0,57551.0,57528.0,57922.0,58254.0,58501.0,58974.0,59398.0,59342.0,59222.0,59095.0,59452.0,59579.0,59982.0,60060.0,59914.0,59415.0,59569.0,59568.0,59386.0,59229.0,59150.0,59174.0,59290.0,58747.0,59041.0,59200.0,59015.0,58812.0,58626.0,58103.0,57616.0,57621.0,58128.0,58457.0,58609.0,58870.0,59019.0,58616.0,58740.0,58797.0,58538.0,58748.0,58660.0,58437.0,58457.0,58278.0,58288.0,58353.0,57708.0,57942.0,57860.0,57808.0,57234.0,57448.0,57159.0,57116.0,57740.0,57624.0,57713.0,57303.0,57422.0,57507.0,57227.0,57301.0,56766.0,56791.0,56633.0,56356.0,55985.0,55648.0,55258.0,54772.0,54240.0,54116.0,53090.0,52004.0
49060.0,50270.0,53499.0,54206.0,54671.0,54685.0,54675.0,54495.0,54395.0,55253.0,55364.0,56355.0,56615.0,56605.0,56974.0,56932.0,56967.0,57237.0,57228.0,57640.0,57747.0,57937.0,57470.0,57819.0,58119.0,58743.0,58909.0,59052.0,59206.0,59303.0,59559.0,59693.0,59730.0,60017.0,60208.0,59849.0,59821.0,59710.0,59425.0,59589.0,59313.0,59554.0,58994.0,59171.0,59159.0,58873.0,59054.0,58783.0,58771.0,58804.0,57659.0,57414.0,58297.0,57958.0,58727.0,58747.0,58972.0,59169.0,58618.0,58648.0,58773.0,58648.0,58846.0,58584.0,58430.0,58462.0,58361.0,58459.0,58150.0,58500.0,58014.0,57815.0,57537.0,57511.0,57419.0,57341.0,57966.0,58048.0,57966.0,58268.0,57708.0,57640.0,57548.0,57011.0,57418.0,56700.0,54625.0,49776.0,48722.0,48305.0,48369.0,48444.0,48567.0,48240.0,48230.0,48381.0,48141.0,48162.0,48095.0,48041.0
52371.0,51277.0,50482.0,49870.0,49891.0,49973.0,49728.0,49832.0,49685.0,49876.0,49907.0,50118.0,50067.0,50807.0,53790.0,55555.0,57349.0,56785.0,57741.0,57331.0,57876.0,57782.0,58162.0,58118.0,57601.0,57627.0,58298.0,57952.0,58888.0,59036.0,59168.0,58978.0,58999.0,59448.0,59337.0,59666.0,59944.0,59846.0,60248.0,60258.0,59883.0,59848.0,59113.0,59297.0,59326.0,59313.0,59064.0,59281.0,59446.0,59061.0,58847.0,58959.0,58680.0,58357.0,57943.0,58469.0,58321.0,58738.0,58369.0,58831.0,59221.0,59038.0,58572.0,58736.0,58954.0,58854.0,58628.0,58741.0,58429.0,58617.0,58638.0,58534.0,58551.0,58003.0,58037.0,57714.0,57724.0,57987.0,57902.0,58355.0,58539.0,58547.0,58352.0,58114.0,58055.0,57579.0,57769.0,57595.0,57720.0,57489.0,56901.0,57015.0,56655.0,56522.0,55775.0,55853.0,55080.0,54881.0,53531.0,53585.0
51171.0,51385.0,54196.0,54859.0,54685.0,54536.0,54015.0,54364.0,54805.0,55831.0,56312.0,57415.0,57565.0,57842.0,57945.0,58322.0,58048.0,58393.0,58483.0,58232.0,58138.0,57942.0,58043.0,58044.0,58563.0,58972.0,59153.0,59054.0,59102.0,59274.0,59609.0,59082.0,59865.0,59931.0,60031.0,60386.0,59976.0,60020.0,59472.0,59264.0,59332.0,59411.0,59325.0,59158.0,59109.0,58959.0,59137.0,58799.0,58965.0,58531.0,58823.0,58737.0,58633.0,59073.0,58872.0,59487.0,59050.0,59213.0,59054.0,59069.0,58726.0,58914.0,58908.0,58794.0,58535.0,58519.0,58488.0,58567.0,58596.0,58167.0,58284.0,57816.0,57949.0,57846.0,58233.0,58849.0,58753.0,58761.0,58526.0,58214.0,58358.0,58013.0,58025.0,57822.0,57901.0,57876.0,57586.0,56290.0,51690.0,49736.0,49492.0,49928.0,49588.0,49640.0,49564.0,49710.0,49500.0,49613.0,49309.0,49684.0
53927.0,52522.0,52320.0,52153.0,52164.0,52211.0,52179.0,52049.0,52300.0,52080.0,52186.0,52251.0,52054.0,52571.0,53698.0,54757.0,57916.0,58156.0,58319.0,58732.0,58915.0,58762.0,58851.0,58552.0,58697.0,58535.0,58836.0,58872.0,59224.0,59524.0,59379.0,59574.0,59265.0,59306.0,59036.0,59297.0,59910.0,60000.0,60485.0,60315.0,59884.0,59765.0,59475.0,59520.0,59740.0,59598.0,59444.0,59411.0,59020.0,59066.0,58963.0,59240.0,58893.0,59414.0,59114.0,58809.0,58629.0,59021.0,58854.0,59138.0,59253.0,59013.0,59110.0,59608.0,59045.0,58906.0,58744.0,58620.0,59071.0,58758.0,58913.0,58244.0,58408.0,58158.0,58105.0,57880.0,58523.0,58606.0,58961.0,59054.0,59034.0,58806.0,58627.0,58124.0,58179.0,58063.0,58179.0,58149.0,57928.0,57076.0,57169.0,56993.0,56887.0,56276.0,56484.0,56438.0,56137.0,55458.0,55168.0,54437.0
52583.0,53371.0,53608.0,53754.0,53695.0,53914.0,53886.0,53565.0,55135.0,55756.0,57182.0,57425.0,58243.0,58454.0,58494.0,58275.0,58506.0,58583.0,58892.0,58962.0,58931.0,58829.0,58913.0,58951.0,59626.0,59493.0,59732.0,59872.0,59597.0,59289.0,59201.0,59907.0,59851.0,59882.0,60355.0,60304.0,60279.0,59897.0,60093.0,59733.0,59882.0,59612.0,59613.0,59670.0,59445.0,59129.0,59238.0,58963.0,58912.0,59003.0,58837.0,58921.0,59223.0,59626.0,59437.0,59168.0,59146.0,59171.0,59284.0,59539.0,58964.0,58813.0,58894.0,58338.0,58756.0,58764.0,58505.0,58501.0,58453.0,58257.0,58437.0,58201.0,58116.0,58607.0,59374.0,59410.0,59271.0,58882.0,58657.0,58732.0,58502.0,58493.0,58105.0,58249.0,57695.0,58053.0,57329.0,54597.0,51247.0,51169.0,51266.0,50765.0,51077.0,51015.0,50826.0,50861.0,50692.0,50851.0,51048.0,51643.0
53308.0,52738.0,52509.0,52708.0,52451.0,52754.0,52799.0,52726.0,53019.0,52654.0,52681.0,52761.0,52921.0,53372.0,55297.0,58408.0,58646.0,58433.0,58585.0,58461.0,58474.0,58554.0,58490.0,58985.0,58746.0,59506.0,59167.0,59715.0,59892.0,60170.0,60092.0,59785.0,59671.0,59549.0,59640.0,59766.0,60009.0,59622.0,60209.0,59889.0,60445.0,59744.0,59748.0,59627.0,59808.0,59570.0,59478.0,59532.0,59297.0,59571.0,59219.0,59084.0,59204.0,59458.0,59326.0,59300.0,59247.0,59255.0,59387.0,59446.0,59220.0,59541.0,59224.0,58990.0,59056.0,59244.0,58785.0,58617.0,58593.0,58625.0,58546.0,58452.0,58290.0,58534.0,58348.0,58667.0,58912.0,59454.0,59218.0,59605.0,59613.0,58901.0,58981.0,58601.0,58379.0,58139.0,58263.0,58154.0,58020.0,58008.0,57635.0,57340.0,57137.0,56732.0,56582.0,56102.0,56001.0,55463.0,55591.0,54157.0
52296.0,54382.0,53438.0,53640.0,53577.0,53672.0,54108.0,54860.0,56052.0,56477.0,57937.0,58218.0,58698.0,58430.0,58081.0,57915.0,58229.0,58176.0,58187.0,58318.0,58895.0,58987.0,59171.0,59491.0,59594.0,60073.0,60086.0,60266.0,60324.0,59933.0,59946.0,59680.0,59888.0,59717.0,59852.0,60267.0,60264.0,60121.0,60253.0,59932.0,59711.0,59644.0,59401.0,59667.0,59332.0,59588.0,59205.0,59273.0,59287.0,59583.0,59073.0,58874.0,59829.0,59572.0,59471.0,59546.0,59205.0,59286.0,59408.0,59162.0,59033.0,59388.0,59020.0,59220.0,58513.0,58602.0,58588.0,58589.0,58188.0,58650.0,58615.0,58820.0,59733.0,59808.0,60047.0,59965.0,59760.0,59242.0,58976.0,58731.0,58740.0,58607.0,58319.0,58496.0,58425.0,57950.0,56395.0,54260.0,53984.0,52918.0,52522.0,52505.0,52313.0,51987.0,52093.0,52255.0,52355.0,52272.0,52170.0,52336.0
53046.0,53057.0,53151.0,53066.0,52910.0,52829.0,52794.0,53183.0,52937.0,52990.0,52919.0,52703.0,53239.0,53191.0,55321.0,58670.0,58506.0,58625.0,57961.0,57801.0,57569.0,57985.0,58075.0,58570.0,58658.0,58932.0,59560.0,59600.0,59944.0,60181.0,60442.0,60389.0,60248.0,59911.0,60165.0,59780.0,59710.0,60487.0,60371.0,60446.0,60216.0,59922.0,59879.0,59825.0,59726.0,59527.0,59848.0,59677.0,59793.0,59601.0,59414.0,59627.0,59696.0,59780.0,59801.0,59702.0,59574.0,59516.0,59565.0,59431.0,59337.0,59096.0,59340.0,59250.0,59291.0,59225.0,59202.0,58987.0,58978.0,58751.0,58638.0,58888.0,59218.0,58656.0,59421.0,59519.0,59864.0,60025.0,59851.0,59739.0,59360.0,59278.0,58587.0,59009.0,58595.0,58507.0,58083.0,57989.0,57837.0,57813.0,57691.0,57471.0,57093.0,56723.0,56222.0,55866.0,55547.0,55077.0,55157.0,55139.0
54406.0,55153.0,55040.0,55162.0,55245.0,55547.0,55645.0,56542.0,57332.0,57880.0,57819.0,58694.0,58516.0,58527.0,58614.0,58101.0,57857.0,57674.0,57638.0,58181.0,58615.0,58934.0,59239.0,59324.0,59762.0,59700.0,60179.0,60415.0,60032.0,59955.0,59809.0,59491.0,59685.0,59874.0,60611.0,60519.0,60166.0,60365.0,60276.0,60065.0,59843.0,59685.0,59819.0,59813.0,59647.0,60058.0,59733.0,59969.0,59600.0,59310.0,59404.0,59755.0,59358.0,59501.0,59563.0,59360.0,59238.0,59539.0,59510.0,59467.0,59024.0,59312.0,59391.0,59003.0,58915.0,58863.0,58395.0,58871.0,59170.0,58984.0,59302.0,59834.0,60136.0,59897.0,60055.0,59911.0,59635.0,59494.0,59752.0,58750.0,58664.0,58660.0,58145.0,58267.0,57875.0,57680.0,55588.0,54790.0,54740.0,53930.0,53654.0,53726.0,53745.0,53934.0,53857.0,53522.0,54091.0,53755.0,53906.0,53961.0
54203.0,53709.0,53588.0,53458.0,53339.0,53360.0,53687.0,53493.0,53351.0,53401.0,53592.0,53300.0,53411.0,53517.0,55590.0,58232.0,58627.0,58840.0,58492.0,58439.0,58015.0,58044.0,58846.0,58793.0,59079.0,59345.0,59768.0,59704.0,59486.0,59916.0,60524.0,59980.0,60325.0,59846.0,60058.0,60138.0,59884.0,60510.0,61069.0,60643.0,60786.0,60451.0,60044.0,59936.0,59937.0,59906.0,59578.0,59627.0,59847.0,59688.0,59819.0,59509.0,59624.0,59654.0,59896.0,59611.0,59830.0,59457.0,59675.0,59322.0,59594.0,59582.0,59628.0,59124.0,59624.0,59193.0,59024.0,59097.0,59062.0,58762.0,58824.0,59196.0,59432.0,59882.0,59757.0,60304.0,60022.0,60304.0,59798.0,59937.0,59495.0,59427.0,58474.0,58885.0,57926.0,57993.0,57789.0,57799.0,57217.0,57281.0,56952.0,56797.0,56654.0,56722.0,56273.0,55774.0,55258.0,55282.0,55580.0,55343.0
55078.0,55558.0,56493.0,57375.0,57392.0,57408.0,57520.0,57758.0,58544.0,58331.0,58786.0,58962.0,58944.0,59195.0,58798.0,58964.0,58510.0,58803.0,59084.0,59563.0,59758.0,59958.0,59829.0,60007.0,59581.0,60015.0,60167.0,60209.0,60186.0,60278.0,59981.0,59639.0,60373.0,60426.0,61119.0,61208.0,60595.0,60883.0,59972.0,60266.0,59755.0,59761.0,59705.0,59897.0,59801.0,59843.0,59597.0,59835.0,59762.0,59642.0,59455.0,59721.0,59654.0,59719.0,59744.0,59682.0,59592.0,59670.0,59607.0,59509.0,59558.0,59245.0,59470.0,58902.0,59282.0,58564.0,59196.0,59223.0,59868.0,60100.0,60111.0,60294.0,60462.0,59783.0,59973.0,59608.0,59979.0,59524.0,59299.0,58878.0,58605.0,57897.0,58078.0,57675.0,57772.0,56777.0,57245.0,56246.0,55461.0,54960.0,54883.0,54876.0,55096.0,54653.0,54876.0,54829.0,54676.0,54768.0,54459.0,54582.0
55913.0,55035.0,54652.0,54493.0,54717.0,54645.0,54671.0,54815.0,54725.0,54677.0,54603.0,54709.0,54345.0,55226.0,56049.0,57775.0,58704.0,59293.0,59247.0,59297.0,59431.0,59129.0,59226.0,59586.0,59921.0,60091.0,60408.0,60352.0,60083.0,60262.0,60133.0,60352.0,59671.0,60002.0,60205.0,59679.0,60681.0,60774.0,61438.0,61166.0,60677.0,60525.0,60138.0,59800.0,59645.0,59779.0,59708.0,59992.0,59630.0,59466.0,59621.0,59448.0,59916.0,59754.0,59738.0,59740.0,59841.0,59582.0,59866.0,59149.0,59764.0,59668.0,59998.0,59188.0,59324.0,59423.0,59195.0,58832.0,58865.0,59101.0,59398.0,60047.0,60434.0,60577.0,60542.0,60228.0,60084.0,59870.0,59975.0,59904.0,59865.0,59506.0,58994.0,58563.0,58477.0,58044.0,58351.0,58069.0,57889.0,57223.0,57438.0,57542.0,57478.0,56977.0,56977.0,56732.0,55838.0,55443.0,55058.0,55315.0
55528.0,55338.0,57602.0,58079.0,58355.0,58454.0,58178.0,57921.0,58181.0,58267.0,58618.0,58426.0,59032.0,59159.0,59144.0,59417.0,59599.0,58940.0,59704.0,59800.0,60225.0,60359.0,60226.0,60483.0,60231.0,60443.0,60113.0,60265.0,60359.0,60112.0,60211.0,60326.0,60533.0,61103.0,61075.0,60979.0,60934.0,60645.0,60411.0,60096.0,60001.0,59944.0,59917.0,59848.0,59574.0,59219.0,59460.0,59948.0,59453.0,59745.0,59808.0,59923.0,59833.0,59773.0,59736.0,59476.0,59858.0,60015.0,59308.0,59284.0,59510.0,59077.0,58961.0,59129.0,59394.0,59502.0,59569.0,60025.0,60277.0,60661.0,60508.0,60376.0,60001.0,60128.0,59541.0,59854.0,60026.0,59882.0,59551.0,59202.0,58604.0,59110.0,58426.0,58178.0,57663.0,58038.0,56689.0,55412.0,55355.0,55363.0,55131.0,54971.0,55163.0,55175.0,55339.0,55076.0,54941.0,55400.0,55145.0,55417.0
57057.0,56411.0,55761.0,56053.0,55717.0,55773.0,55719.0,55861.0,55655.0,55814.0,55862.0,55855.0,55654.0,56130.0,56666.0,58262.0,58900.0,59066.0,59349.0,58957.0,59467.0,59497.0,59742.0,59942.0,60189.0,60541.0,60384.0,60057.0,60367.0,60571.0,60168.0,60283.0,60319.0,59925.0,60274.0,60380.0,60533.0,60557.0,61247.0,61244.0,60813.0,60550.0,60018.0,60065.0,59752.0,59708.0,59566.0,59342.0,59865.0,59453.0,59457.0,59462.0,59792.0,59699.0,59964.0,59992.0,59731.0,59730.0,59831.0,59913.0,59401.0,59472.0,59640.0,59390.0,59123.0,59397.0,59188.0,59350.0,59362.0,60059.0,59623.0,60232.0,60512.0,60572.0,60399.0,60522.0,60248.0,60153.0,59880.0,59827.0,59639.0,59731.0,59456.0,59469.0,58929.0,58938.0,58394.0,58730.0,58551.0,58475.0,58305.0,58152.0,58036.0,57723.0,56932.0,57225.0,56235.0,56049.0,55808.0,55764.0
55540.0,55559.0,57418.0,58263.0,58389.0,58298.0,58045.0,57672.0,57997.0,57616.0,58206.0,58436.0,58712.0,58530.0,58923.0,58849.0,59058.0,59174.0,59351.0,59740.0,60423.0,60269.0,60369.0,60637.0,60425.0,60483.0,60352.0,60104.0,59927.0,60042.0,59990.0,60340.0,60089.0,60542.0,60569.0,60428.0,61157.0,60560.0,60632.0,60174.0,60176.0,59785.0,59564.0,59942.0,59797.0,59773.0,59769.0,59814.0,59816.0,59740.0,59832.0,59738.0,59912.0,59926.0,59781.0,59682.0,59762.0,59500.0,59349.0,59521.0,59283.0,59345.0,59122.0,59740.0,59909.0,60163.0,60179.0,60687.0,60404.0,60674.0,60403.0,60456.0,60332.0,60319.0,60228.0,60182.0,59867.0,59787.0,59395.0,59208.0,59091.0,59282.0,59199.0,58715.0,58529.0,58652.0,58417.0,56716.0,55491.0,55286.0,55470.0,55111.0,55228.0,55131.0,55425.0,55319.0,55222.0,55102.0,55010.0,55205.0
57247.0,56419.0,56340.0,56224.0,56226.0,56553.0,56299.0,56333.0,56508.0,56337.0,56455.0,56263.0,56573.0,56905.0,56735.0,57669.0,58633.0,59104.0,59037.0,59007.0,59079.0,58973.0,59540.0,59817.0,60191.0,60632.0,60508.0,60310.0,60533.0,60417.0,60410.0,60131.0,60175.0,60302.0,60203.0,60295.0,60670.0,60649.0,60644.0,60920.0,61064.0,60377.0,59977.0,59821.0,59979.0,60041.0,59573.0,59889.0,59496.0,60029.0,59900.0,59956.0,59828.0,59601.0,59372.0,59681.0,59949.0,59546.0,59704.0,59856.0,59733.0,59738.0,59550.0,59500.0,59670.0,59694.0,59667.0,60096.0,60563.0,60619.0,60107.0,60403.0,60398.0,60524.0,60754.0,60436.0,60563.0,60482.0,60517.0,59385.0,59612.0,59025.0,59023.0,58805.0,59013.0,58797.0,59083.0,58902.0,59138.0,58629.0,58370.0,58530.0,58089.0,58442.0,57795.0,57465.0,57221.0,57280.0,56933.0,56505.0
56201.0,56420.0,57198.0,57363.0,57619.0,58162.0,57393.0,57906.0,57788.0,57890.0,58365.0,58473.0,59084.0,59018.0,59179.0,58858.0,59128.0,58923.0,59718.0,59665.0,60401.0,60214.0,60463.0,60537.0,60383.0,60367.0,59852.0,60140.0,60138.0,60509.0,60171.0,60182.0,60575.0,60424.0,60793.0,61070.0,60816.0,60639.0,60329.0,60085.0,60034.0,59788.0,59758.0,59990.0,59825.0,59992.0,59634.0,59728.0,59637.0,59214.0,59869.0,59975.0,59714.0,59549.0,59970.0,59714.0,59802.0,59456.0,59614.0,59824.0,59560.0,59945.0,60067.0,60460.0,60465.0,60307.0,60490.0,60535.0,60605.0,60684.0,60710.0,60287.0,59982.0,60661.0,60519.0,59933.0,59533.0,59305.0,58945.0,58946.0,58769.0,58685.0,58990.0,59082.0,58922.0,59189.0,58190.0,56851.0,55802.0,55749.0,55582.0,55965.0,56041.0,55664.0,55685.0,55965.0,55853.0,55679.0,55803.0,56020.0
57099.0,56242.0,56117.0,56283.0,56042.0,56242.0,56121.0,56066.0,55792.0,55974.0,56069.0,56117.0,56344.0,56408.0,56113.0,57213.0,58557.0,59208.0,59368.0,58880.0,59274.0,59323.0,59454.0,60446.0,60448.0,60968.0,60299.0,60381.0,60073.0,60188.0,59788.0,59702.0,60285.0,60073.0,60307.0,60546.0,60388.0,60999.0,60654.0,60966.0,60554.0,60483.0,60554.0,59818.0,59644.0,59842.0,59676.0,60174.0,59606.0,59699.0,59615.0,59992.0,59879.0,59734.0,59712.0,59342.0,59888.0,59758.0,59699.0,59933.0,59718.0,59632.0,59663.0,59866.0,60023.0,59732.0,60658.0,60674.0,60656.0,60660.0,60643.0,60513.0,60356.0,60214.0,59989.0,60439.0,60653.0,60368.0,60051.0,59518.0,59273.0,59224.0,58694.0,58984.0,58750.0,58787.0,58797.0,58810.0,58827.0,58453.0,58690.0,58341.0,58389.0,58231.0,58333.0,57864.0,58205.0,57702.0,57241.0,56889.0
56579.0,57143.0,56401.0,57056.0,57229.0,57617.0,57975.0,58451.0,58688.0,58846.0,59574.0,59426.0,59414.0,59263.0,59542.0,58918.0,59379.0,59096.0,59365.0,59414.0,60127.0,60474.0,60552.0,60311.0,60085.0,59652.0,59691.0,59862.0,59918.0,60193.0,60573.0,60483.0,60545.0,60686.0,61051.0,61042.0,60647.0,60684.0,60492.0,60056.0,59803.0,59741.0,59928.0,59671.0,60032.0,59860.0,59818.0,59980.0,59717.0,59886.0,59621.0,59873.0,59929.0,59434.0,59465.0,59689.0,59951.0,60047.0,59717.0,59731.0,59887.0,59736.0,60427.0,60500.0,60695.0,60946.0,60682.0,60910.0,60208.0,60348.0,60459.0,60210.0,60523.0,60464.0,59708.0,59929.0,59267.0,59344.0,58903.0,58872.0,58763.0,58645.0,58677.0,58365.0,58579.0,58854.0,58157.0,56731.0,56790.0,56760.0,56136.0,56655.0,56529.0,56185.0,56403.0,56272.0,56361.0,56226.0,56397.0,56362.0
56535.0,56258.0,56129.0,56089.0,56171.0,56267.0,56086.0,55891.0,56012.0,55916.0,56365.0,56086.0,56320.0,56022.0,56638.0,59333.0,59761.0,59068.0,58938.0,59381.0,58776.0,58976.0,59553.0,59599.0,60536.0,60260.0,60185.0,60190.0,59377.0,59821.0,59681.0,59634.0,60066.0,60393.0,60632.0,60675.0,60810.0,60515.0,61099.0,61034.0,61134.0,60814.0,60514.0,60396.0,60091.0,59466.0,59559.0,59842.0,59644.0,60086.0,59948.0,59700.0,59700.0,59634.0,59719.0,59712.0,59799.0,60228.0,59752.0,59614.0,59805.0,59853.0,59782.0,59914.0,60073.0,60536.0,60292.0,60809.0,60797.0,60678.0,60901.0,60342.0,60091.0,59867.0,60005.0,60214.0,60230.0,59998.0,59890.0,60125.0,59462.0,59590.0,59403.0,59015.0,58791.0,59038.0,58695.0,58493.0,58710.0,58516.0,58633.0,58323.0,57947.0,58446.0,57950.0,57899.0,57871.0,57725.0,57409.0,57349.0
56334.0,56181.0,56111.0,56933.0,57065.0,58006.0,58427.0,58659.0,59471.0,59420.0,59563.0,59480.0,59414.0,59604.0,58935.0,59142.0,58418.0,58983.0,59105.0,59356.0,59839.0,59951.0,60301.0,60059.0,59943.0,59708.0,59628.0,59663.0,60258.0,60020.0,60025.0,60594.0,60650.0,60534.0,60943.0,61412.0,61240.0,60910.0,60699.0,60489.0,60013.0,59703.0,59544.0,59760.0,59654.0,59804.0,59884.0,59909.0,60016.0,59788.0,59846.0,59678.0,59736.0,59739.0,59876.0,59849.0,59756.0,59858.0,59650.0,60002.0,59835.0,60105.0,60274.0,60660.0,60955.0,60866.0,60957.0,60754.0,60196.0,59657.0,59627.0,60125.0,59910.0,59910.0,59958.0,59973.0,59675.0,59662.0,59985.0,59176.0,59800.0,58832.0,58755.0,59113.0,59138.0,58866.0,57396.0,56617.0,56016.0,56162.0,56245.0,56127.0,55977.0,55938.0,56175.0,56040.0,56165.0,56134.0,56250.0,56104.0
55937.0,56005.0,56029.0,56022.0,56215.0,55820.0,56041.0,55859.0,56215.0,55974.0,56164.0,56137.0,55948.0,56184.0,55832.0,58158.0,59133.0,58684.0,58445.0,58291.0,58542.0,58279.0,58483.0,59352.0,59686.0,60445.0,60107.0,59867.0,59511.0,59604.0,60051.0,60175.0,60284.0,60190.0,60067.0,60537.0,61285.0,61291.0,61520.0,61336.0,61058.0,60723.0,60404.0,60458.0,59873.0,59838.0,59611.0,59789.0,59728.0,59797.0,59555.0,59831.0,59659.0,59946.0,59529.0,59729.0,60013.0,59915.0,59675.0,59928.0,59672.0,60285.0,60102.0,59756.0,59779.0,60101.0,60260.0,60620.0,60891.0,60983.0,60880.0,60255.0,60236.0,59561.0,59662.0,59364.0,59575.0,59785.0,59781.0,59478.0,60077.0,59686.0,59813.0,59597.0,59451.0,59218.0,59070.0,59317.0,58801.0,59115.0,59094.0,58810.0,58950.0,58461.0,58290.0,58363.0,57849.0,57681.0,57338.0,56810.0
55927.0,56563.0,56667.0,56987.0,57811.0,57797.0,58475.0,58461.0,58727.0,58761.0,59045.0,58996.0,58685.0,58928.0,59126.0,59015.0,57980.0,58192.0,58633.0,58839.0,59894.0,59837.0,60323.0,60458.0,60187.0,59867.0,60606.0,60271.0,60626.0,60583.0,60285.0,60170.0,60595.0,60799.0,61480.0,61261.0,61397.0,61086.0,60657.0,60533.0,60088.0,59909.0,59644.0,59693.0,60182.0,59860.0,59747.0,59566.0,59646.0,59907.0,59353.0,59673.0,59817.0,60125.0,59886.0,60057.0,60146.0,60236.0,59952.0,59897.0,59984.0,59882.0,59940.0,60103.0,60445.0,60960.0,60671.0,60632.0,60446.0,59857.0,59694.0,59332.0,59197.0,59458.0,59964.0,59909.0,59915.0,60200.0,59938.0,59990.0,59247.0,59449.0,58931.0,57552.0,55661.0,55682.0,55752.0,56079.0,55697.0,55508.0,55898.0,55942.0,55329.0,55958.0,55755.0,55851.0,55517.0,55834.0,55558.0,55722.0
56259.0,56176.0,56329.0,56150.0,56220.0,56079.0,56242.0,55974.0,56343.0,55940.0,56030.0,56133.0,56402.0,56201.0,56422.0,57020.0,58349.0,58832.0,58737.0,58647.0,58840.0,58271.0,58701.0,59638.0,59485.0,60139.0,60196.0,60088.0,59969.0,60472.0,60462.0,60515.0,60516.0,60738.0,60460.0,60580.0,60799.0,61048.0,61055.0,61376.0,61029.0,61043.0,60687.0,60832.0,59905.0,59954.0,59516.0,59730.0,59779.0,59779.0,59946.0,59703.0,59764.0,59874.0,59794.0,59748.0,59994.0,60119.0,59949.0,60003.0,60053.0,59587.0,60038.0,60030.0,60251.0,59933.0,60126.0,60274.0,60519.0,60686.0,60964.0,60625.0,60318.0,59938.0,59664.0,59566.0,59091.0,59786.0,59881.0,60290.0,60355.0,60033.0,60125.0,59852.0,59954.0,59817.0,59507.0,59668.0,59447.0,59272.0,59238.0,59137.0,59146.0,59034.0,58745.0,58380.0,58137.0,57497.0,57529.0,56685.0
55867.0,56472.0,57101.0,57520.0,57901.0,57921.0,57982.0,57883.0,57936.0,58181.0,57829.0,57955.0,58360.0,58604.0,59175.0,59081.0,58787.0,58981.0,59069.0,59136.0,59856.0,60091.0,60557.0,60580.0,60557.0,60616.0,60850.0,61069.0,60721.0,60650.0,60306.0,60460.0,60660.0,61017.0,60879.0,61128.0,61350.0,60964.0,60730.0,60458.0,60243.0,60039.0,60018.0,60033.0,60120.0,59906.0,59947.0,59967.0,59556.0,59836.0,60067.0,59774.0,60010.0,60127.0,60204.0,59926.0,59862.0,59943.0,60018.0,59937.0,60051.0,59796.0,59967.0,59546.0,60420.0,60386.0,60705.0,60547.0,60546.0,60338.0,59923.0,59747.0,59346.0,59381.0,60121.0,60070.0,60496.0,60057.0,60242.0,60211.0,59929.0,59968.0,59762.0,59431.0,59017.0,59200.0,58845.0,56647.0,56137.0,55833.0,55703.0,55891.0,55931.0,56070.0,55802.0,55910.0,55881.0,55655.0,55714.0,55956.0
56265.0,56220.0,56086.0,56416.0,56586.0,56201.0,56588.0,56396.0,56235.0,56151.0,56334.0,56048.0,56042.0,56227.0,56637.0,56292.0,56083.0,57697.0,58095.0,59305.0,59611.0,59171.0,59277.0,59975.0,60293.0,60407.0,60354.0,60767.0,60730.0,60558.0,60724.0,60633.0,60976.0,60746.0,60641.0,60647.0,60619.0,61153.0,61066.0,61491.0,61103.0,61223.0,60542.0,60676.0,60102.0,59781.0,60140.0,59979.0,59912.0,59618.0,59782.0,59825.0,59741.0,59768.0,59834.0,60127.0,59719.0,59719.0,59665.0,59553.0,59844.0,60137.0,60046.0,59603.0,59947.0,60084.0,60021.0,60173.0,60157.0,60214.0,60507.0,60940.0,60730.0,60132.0,59986.0,60072.0,59921.0,60219.0,60431.0,60290.0,60196.0,60121.0,60228.0,59899.0,60037.0,59792.0,59568.0,59107.0,58951.0,59003.0,58676.0,58926.0,58805.0,59104.0,58566.0,58704.0,58225.0,58090.0,57085.0,56854.0
55990.0,56135.0,56847.0,57149.0,57700.0,58222.0,57830.0,57859.0,57839.0,57771.0,57972.0,57885.0,58470.0,58483.0,59156.0,59550.0,59331.0,59713.0,59742.0,59520.0,60252.0,60293.0,60662.0,60657.0,60486.0,60836.0,60802.0,61058.0,60858.0,60739.0,60667.0,60555.0,60338.0,60692.0,60625.0,60973.0,61062.0,60726.0,60726.0,60245.0,60478.0,60378.0,59579.0,59771.0,59904.0,59819.0,59514.0,59438.0,59654.0,59687.0,59874.0,59780.0,59475.0,59991.0,59648.0,59987.0,59908.0,59826.0,59952.0,60089.0,59907.0,59875.0,59592.0,60004.0,59940.0,60342.0,60374.0,60301.0,60451.0,60489.0,60315.0,60025.0,60071.0,60202.0,60206.0,60669.0,60161.0,60331.0,60266.0,60294.0,60239.0,59902.0,59819.0,59839.0,59394.0,59346.0,58849.0,57104.0,55637.0,55882.0,55875.0,55736.0,55817.0,55611.0,55816.0,55864.0,55726.0,55828.0,55554.0,55754.0
56334.0,56344.0,56591.0,56594.0,56613.0,56293.0,56254.0,56260.0,56147.0,56164.0,56334.0,56399.0,56539.0,56465.0,56376.0,57086.0,58034.0,58742.0,59164.0,59374.0,59774.0,59940.0,60005.0,60448.0,60567.0,60527.0,60747.0,60787.0,60894.0,60616.0,60722.0,61166.0,61086.0,60877.0,60969.0,60884.0,60782.0,60555.0,60808.0,60943.0,60492.0,60759.0,60559.0,60786.0,60405.0,59980.0,60036.0,59867.0,60010.0,59841.0,59776.0,59639.0,59701.0,59793.0,59627.0,59834.0,59798.0,59676.0,59845.0,59931.0,59692.0,59873.0,59890.0,60016.0,59939.0,59859.0,59949.0,59765.0,60021.0,60410.0,60363.0,60368.0,60613.0,60527.0,60613.0,59964.0,60158.0,60305.0,60327.0,60660.0,60743.0,60363.0,60269.0,60096.0,59991.0,59596.0,59734.0,59078.0,58937.0,58464.0,58469.0,58811.0,58450.0,58515.0,59031.0,57950.0,57929.0,56957.0,57095.0,56454.0
56309.0,55932.0,57370.0,57444.0,57742.0,58024.0,58135.0,57749.0,57759.0,58168.0,57958.0,58296.0,59084.0,59246.0,59607.0,59656.0,59824.0,59953.0,60302.0,60430.0,60576.0,60653.0,60874.0,60910.0,60747.0,60886.0,60721.0,60398.0,60472.0,60472.0,60876.0,60640.0,60925.0,60850.0,60716.0,60684.0,60795.0,60674.0,60865.0,60593.0,60149.0,59746.0,60017.0,59796.0,59721.0,59880.0,59847.0,59433.0,59669.0,59905.0,59889.0,59811.0,59605.0,60005.0,59784.0,59938.0,59734.0,59771.0,59828.0,60114.0,59874.0,59935.0,59737.0,60002.0,59820.0,60061.0,60049.0,60193.0,60162.0,60130.0,60351.0,59933.0,60109.0,60104.0,60435.0,60599.0,60271.0,60337.0,60388.0,60206.0,60252.0,60216.0,59478.0,59662.0,59594.0,59165.0,58314.0,56814.0,56717.0,56455.0,56278.0,56014.0,56154.0,56135.0,56139.0,56294.0,56144.0,56207.0,56331.0,55940.0
56694.0,56333.0,56737.0,56755.0,57033.0,56380.0,56806.0,56484.0,56789.0,57091.0,56672.0,56753.0,56925.0,56665.0,58559.0,59027.0,59767.0,59810.0,59672.0,59508.0,60097.0,60044.0,60170.0,60598.0,60698.0,60821.0,61299.0,60950.0,60678.0,60839.0,60598.0,60653.0,60397.0,60714.0,60441.0,60718.0,60511.0,60574.0,60619.0,60686.0,60798.0,61138.0,60490.0,60132.0,60033.0,60013.0,59673.0,59855.0,59697.0,59777.0,60038.0,60115.0,59634.0,59679.0,59527.0,59926.0,59501.0,59847.0,59625.0,59686.0,59835.0,59880.0,59941.0,60111.0,60352.0,60111.0,59888.0,59882.0,60093.0,59971.0,60174.0,60195.0,60151.0,59983.0,60286.0,60176.0,60481.0,60571.0,60555.0,60445.0,60618.0,60522.0,60237.0,60299.0,60203.0,60104.0,59681.0,59243.0,59376.0,59050.0,58607.0,58590.0,58615.0,58574.0,58672.0,58637.0,58453.0,57897.0,57731.0,57675.0
57469.0,57434.0,57992.0,58192.0,58517.0,58891.0,58849.0,58813.0,58897.0,59046.0,59426.0,59833.0,59713.0,59797.0,59848.0,60207.0,59939.0,60354.0,60441.0,60874.0,60463.0,60638.0,60501.0,60666.0,60477.0,60469.0,60179.0,60139.0,60423.0,59843.0,60250.0,60239.0,60133.0,60437.0,60894.0,60353.0,60715.0,60751.0,60642.0,60782.0,60335.0,59933.0,60099.0,59943.0,59831.0,59852.0,59822.0,59542.0,59701.0,60136.0,59528.0,59567.0,59718.0,59636.0,59725.0,59647.0,59846.0,60026.0,59983.0,59853.0,60065.0,60145.0,59684.0,59822.0,59819.0,59793.0,59670.0,59901.0,59774.0,59873.0,60011.0,60512.0,60948.0,60147.0,60492.0,60363.0,60822.0,60248.0,60064.0,58941.0,58279.0,57175.0,57316.0,57380.0,57364.0,57137.0,57230.0,57290.0,57193.0,57144.0,56925.0,57188.0,57492.0,57029.0,57209.0,56936.0,57122.0,57061.0,57200.0,57590.0
57527.0,57484.0,57466.0,57288.0,57536.0,57491.0,57468.0,57221.0,57547.0,57409.0,57364.0,57362.0,57584.0,57813.0,59040.0,59727.0,60053.0,60080.0,60141.0,60102.0,60404.0,60121.0,60504.0,60232.0,60393.0,60591.0,60634.0,60585.0,60520.0,59888.0,60097.0,59958.0,59781.0,60059.0,60055.0,60172.0,60417.0,60595.0,60494.0,60989.0,61303.0,60964.0,60931.0,60474.0,60460.0,59881.0,59888.0,59719.0,59809.0,59857.0,59748.0,59754.0,59985.0,59619.0,59379.0,59618.0,59749.0,59373.0,59910.0,59843.0,59741.0,59837.0,60065.0,60008.0,59620.0,59641.0,59752.0,59873.0,59934.0,59979.0,59804.0,60037.0,59417.0,59982.0,60317.0,60817.0,60532.0,60890.0,60831.0,60809.0,60806.0,60473.0,60259.0,60047.0,59828.0,59655.0,59537.0,59683.0,59393.0,59275.0,59065.0,58708.0,58533.0,58458.0,58470.0,58163.0,58387.0,58021.0,57895.0,57856.0
57642.0,57593.0,58482.0,58748.0,58933.0,59088.0,59000.0,58991.0,59256.0,59636.0,59661.0,59996.0,59885.0,60347.0,59943.0,60025.0,60245.0,60226.0,60362.0,60540.0,60511.0,60642.0,60521.0,60307.0,60608.0,60437.0,59915.0,59735.0,59624.0,60194.0,60023.0,59862.0,60312.0,59995.0,60272.0,60207.0,60729.0,60387.0,60571.0,60617.0,60347.0,60267.0,59969.0,59755.0,59615.0,59685.0,59795.0,59846.0,59586.0,59642.0,59669.0,59636.0,59556.0,59707.0,59618.0,59955.0,59691.0,59704.0,59823.0,60015.0,60037.0,59940.0,60151.0,59801.0,59823.0,59825.0,59531.0,59797.0,59545.0,60106.0,60257.0,60496.0,60567.0,60701.0,60698.0,60733.0,61094.0,60475.0,60644.0,60040.0,60328.0,60009.0,59749.0,59609.0,59766.0,59011.0,57898.0,57427.0,57556.0,57574.0,57257.0,57417.0,57538.0,57436.0,57334.0,57641.0,57196.0,57211.0,57422.0,57330.0
58726.0,58276.0,57956.0,58039.0,57820.0,57706.0,58019.0,57854.0,57980.0,57736.0,58016.0,57889.0,57926.0,58383.0,58346.0,59000.0,59502.0,59896.0,60195.0,59796.0,59977.0,59945.0,59899.0,60304.0,60177.0,60330.0,60586.0,60945.0,60776.0,60265.0,60272.0,60252.0,60258.0,60166.0,60145.0,59970.0,60053.0,59732.0,59869.0,60116.0,60303.0,60674.0,60547.0,60787.0,60234.0,59882.0,59619.0,59753.0,59669.0,59399.0,59985.0,59774.0,59696.0,59871.0,59803.0,59412.0,59802.0,59499.0,59763.0,59872.0,59372.0,59915.0,59857.0,59744.0,59972.0,59849.0,59824.0,59750.0,59873.0,59722.0,59916.0,60236.0,60131.0,60354.0,60866.0,60561.0,60765.0,60875.0,60888.0,60801.0,60557.0,60589.0,60512.0,60329.0,60133.0,59909.0,59911.0,59817.0,59692.0,59368.0,59913.0,59205.0,59039.0,58675.0,58305.0,58698.0,58189.0,58021.0,57881.0,57817.0
57315.0,58009.0,58710.0,58996.0,59070.0,59082.0,59079.0,59449.0,59179.0,59501.0,59047.0,59601.0,59650.0,60289.0,59653.0,59770.0,59774.0,59510.0,59972.0,59795.0,59964.0,60577.0,60598.0,60632.0,60501.0,60629.0,60836.0,60280.0,60460.0,60268.0,60301.0,59887.0,59840.0,59853.0,59815.0,59807.0,60500.0,60413.0,60025.0,60493.0,60373.0,60256.0,59623.0,59547.0,60006.0,59800.0,60052.0,59724.0,59746.0,59726.0,59674.0,59609.0,59462.0,59720.0,59702.0,59788.0,59995.0,60120.0,59848.0,59840.0,59739.0,60293.0,59987.0,59930.0,59945.0,59913.0,59933.0,59580.0,59866.0,60133.0,60233.0,60494.0,60297.0,60976.0,60763.0,60743.0,60953.0,60518.0,60398.0,59961.0,60197.0,59724.0,59854.0,59771.0,59934.0,59364.0,58127.0,57765.0,57651.0,57420.0,57703.0,57198.0,57597.0,57319.0,57234.0,57174.0,57019.0,57082.0,57072.0,57127.0
58658.0,58393.0,57897.0,58015.0,57858.0,57904.0,58094.0,57873.0,58179.0,58040.0,57979.0,57927.0,58071.0,57980.0,59027.0,59659.0,59974.0,59779.0,59912.0,59961.0,59637.0,59474.0,59794.0,59930.0,60550.0,60525.0,61132.0,60859.0,60661.0,60735.0,61005.0,60867.0,60799.0,60755.0,60330.0,60172.0,60003.0,60117.0,60205.0,60070.0,60411.0,60180.0,60693.0,60064.0,59955.0,59758.0,60036.0,59469.0,59877.0,59699.0,59809.0,59521.0,59633.0,59622.0,59805.0,60018.0,59879.0,59837.0,59857.0,59527.0,59728.0,60079.0,59913.0,59833.0,59892.0,59810.0,60049.0,59707.0,59872.0,59910.0,60304.0,59726.0,59929.0,60372.0,60121.0,60282.0,60743.0,60892.0,60935.0,60908.0,60692.0,60565.0,60319.0,60295.0,59764.0,59747.0,59948.0,59903.0,59834.0,59786.0,59395.0,59401.0,59041.0,58811.0,58728.0,58706.0,58444.0,58300.0,57935.0,58102.0
57805.0,57825.0,58783.0,59226.0,59156.0,59309.0,59579.0,59235.0,59500.0,59729.0,59718.0,59755.0,59934.0,59872.0,59707.0,60071.0,60016.0,59732.0,60128.0,60020.0,60350.0,60698.0,60950.0,61020.0,61091.0,60777.0,60900.0,60900.0,60985.0,61382.0,60834.0,60780.0,60535.0,60713.0,60173.0,60444.0,60377.0,60041.0,60331.0,60577.0,60152.0,59923.0,59840.0,60005.0,60175.0,59916.0,59892.0,59843.0,59993.0,59829.0,59844.0,59933.0,59699.0,59722.0,59969.0,59423.0,59912.0,59625.0,59787.0,59848.0,59819.0,59845.0,59999.0,59842.0,59897.0,59535.0,59718.0,59817.0,60169.0,59920.0,60064.0,60051.0,60606.0,60805.0,60663.0,60884.0,60755.0,60738.0,60591.0,60503.0,59943.0,60298.0,60057.0,59768.0,59909.0,59827.0,58212.0,57789.0,57607.0,57587.0,57692.0,57548.0,57749.0,57850.0,57640.0,57459.0,57639.0,57827.0,57589.0,57589.0
58411.0,58115.0,57786.0,57827.0,57889.0,57989.0,58117.0,58094.0,57952.0,57949.0,58046.0,58189.0,57778.0,58422.0,58733.0,59498.0,59904.0,60175.0,59978.0,59925.0,59811.0,60064.0,60122.0,60388.0,60494.0,60710.0,60987.0,61026.0,61020.0,60710.0,61138.0,61109.0,61429.0,61577.0,61303.0,61018.0,60871.0,61070.0,60841.0,60671.0,60281.0,60450.0,60206.0,60122.0,59857.0,60376.0,59903.0,59877.0,59785.0,59561.0,59786.0,59809.0,59878.0,59843.0,60090.0,59824.0,59724.0,59962.0,59631.0,59700.0,59905.0,59685.0,59987.0,59767.0,59915.0,59719.0,59908.0,59890.0,59825.0,59824.0,59911.0,59762.0,59644.0,59915.0,60103.0,60181.0,60448.0,60803.0,60723.0,60797.0,60826.0,60896.0,60638.0,60353.0,60612.0,60559.0,60277.0,60167.0,60018.0,60020.0,59970.0,59514.0,59535.0,59590.0,59344.0,59002.0,58449.0,58560.0,58122.0,58068.0
58164.0,58010.0,59200.0,59383.0,59471.0,59529.0,59404.0,59439.0,59581.0,59708.0,59995.0,59843.0,59869.0,59926.0,60009.0,59964.0,59940.0,60475.0,60100.0,60253.0,60418.0,60700.0,60722.0,60929.0,61227.0,60994.0,60982.0,61229.0,61613.0,61466.0,61433.0,61412.0,61231.0,60983.0,61274.0,60653.0,60656.0,60025.0,60094.0,60321.0,60136.0,59739.0,59788.0,60085.0,60039.0,59953.0,59738.0,59608.0,59524.0,60071.0,60173.0,59617.0,60074.0,59917.0,60057.0,59835.0,60206.0,59791.0,59876.0,59731.0,59802.0,59789.0,59785.0,60028.0,59537.0,59853.0,59722.0,59716.0,60147.0,59570.0,60071.0,60238.0,60626.0,60928.0,60772.0,60621.0,60985.0,61203.0,60900.0,60777.0,60729.0,60957.0,60731.0,60695.0,60665.0,60398.0,59464.0,58380.0,58016.0,57782.0,57726.0,57861.0,57765.0,57786.0,57646.0,57900.0,57706.0,57520.0,57917.0,57983.0
58799.0,58677.0,58458.0,58012.0,57668.0,58189.0,58352.0,58415.0,58578.0,58349.0,58464.0,58093.0,58173.0,58306.0,59385.0,59857.0,60061.0,60202.0,60440.0,60138.0,60221.0,60002.0,60242.0,60462.0,60967.0,60686.0,60899.0,60918.0,61012.0,61647.0,61320.0,61734.0,61696.0,61767.0,61492.0,61234.0,61416.0,60856.0,60722.0,60173.0,60048.0,60155.0,59737.0,59871.0,60011.0,59949.0,59875.0,60110.0,59977.0,59921.0,59638.0,59997.0,59672.0,59989.0,59841.0,59640.0,59875.0,59976.0,59745.0,59991.0,59577.0,59819.0,59616.0,59721.0,59673.0,60035.0,59486.0,60095.0,59969.0,60307.0,59708.0,60058.0,59756.0,60028.0,59837.0,60164.0,60323.0,60700.0,60990.0,61026.0,61097.0,61446.0,61089.0,61128.0,60755.0,61165.0,60388.0,60417.0,60022.0,59826.0,59751.0,59605.0,59366.0,59453.0,59347.0,59298.0,58936.0,58799.0,58566.0,58523.0
57997.0,58244.0,59004.0,59115.0,59352.0,59462.0,59634.0,59520.0,59939.0,59813.0,59774.0,59684.0,59964.0,59972.0,59808.0,59939.0,60160.0,60121.0,60234.0,60559.0,60656.0,60853.0,61088.0,61532.0,61277.0,61519.0,61501.0,62250.0,61803.0,61788.0,61437.0,61121.0,61108.0,60577.0,60539.0,60257.0,60161.0,59979.0,60210.0,59998.0,60097.0,60041.0,60050.0,59967.0,59640.0,59797.0,59769.0,59910.0,59772.0,59848.0,59895.0,59561.0,60037.0,59779.0,59749.0,59462.0,60236.0,59823.0,59700.0,59936.0,59647.0,59547.0,59668.0,59660.0,60137.0,59698.0,59423.0,59988.0,59874.0,59839.0,59977.0,59924.0,60352.0,60403.0,61105.0,61327.0,61184.0,61316.0,61133.0,60938.0,61201.0,60903.0,60691.0,60500.0,60451.0,59952.0,58920.0,58144.0,58249.0,57932.0,58250.0,58159.0,57758.0,58085.0,58245.0,58304.0,57973.0,57941.0,57948.0,58197.0
58905.0,58674.0,58302.0,58061.0,58357.0,58050.0,58428.0,58178.0,58156.0,58300.0,58441.0,58249.0,58489.0,58304.0,59342.0,59843.0,60300.0,60378.0,60415.0,60296.0,60067.0,60236.0,60656.0,60843.0,60803.0,61123.0,61389.0,61468.0,61716.0,61892.0,62131.0,61517.0,61607.0,60997.0,61284.0,60511.0,60587.0,60080.0,59979.0,60085.0,59882.0,59665.0,59766.0,59861.0,59575.0,59998.0,59849.0,59790.0,59818.0,59765.0,59898.0,59941.0,59923.0,59803.0,60018.0,59598.0,59993.0,59645.0,59687.0,60084.0,60204.0,59747.0,59866.0,59728.0,59640.0,59771.0,59725.0,59701.0,59872.0,59879.0,59802.0,60024.0,59891.0,60321.0,59873.0,59943.0,60627.0,60652.0,60916.0,60786.0,61315.0,61193.0,60737.0,60841.0,60396.0,60307.0,59984.0,59923.0,59492.0,59149.0,59366.0,59151.0,59524.0,59021.0,58781.0,58677.0,58692.0,58412.0,58542.0,57927.0
57650.0,57843.0,58388.0,58855.0,58767.0,59201.0,59378.0,59529.0,59442.0,60274.0,60058.0,60329.0,60361.0,60306.0,60472.0,60272.0,60476.0,60694.0,60486.0,60578.0,60915.0,61435.0,61363.0,61954.0,61965.0,61869.0,61586.0,61411.0,61007.0,61150.0,60729.0,60628.0,60197.0,59961.0,59992.0,59831.0,60333.0,60109.0,59696.0,59817.0,59859.0,59934.0,59908.0,59752.0,59702.0,59939.0,59624.0,59876.0,59968.0,59942.0,59757.0,59814.0,60124.0,59764.0,60032.0,59760.0,59891.0,59836.0,59406.0,59564.0,59560.0,59691.0,59923.0,59800.0,59805.0,59695.0,59663.0,59722.0,59778.0,60084.0,59986.0,59989.0,59974.0,60633.0,60564.0,60507.0,60689.0,60689.0,60491.0,60332.0,60310.0,60203.0,59981.0,59885.0,59722.0,58724.0,57890.0,57236.0,57643.0,57383.0,57256.0,57485.0,57421.0,57422.0,57589.0,57284.0,57758.0,57372.0,57416.0,57272.0
58236.0,57733.0,57977.0,58126.0,58170.0,57927.0,58082.0,57681.0,58292.0,57652.0,57809.0,58279.0,57775.0,58101.0,58296.0,60063.0,60169.0,60312.0,60358.0,60558.0,60332.0,60624.0,60710.0,60912.0,61197.0,61405.0,61773.0,61948.0,61692.0,61852.0,61303.0,61363.0,60762.0,60844.0,60322.0,60383.0,59893.0,60162.0,60037.0,60100.0,60081.0,59959.0,60011.0,60081.0,60042.0,59977.0,60180.0,60007.0,59884.0,59771.0,59675.0,59874.0,59960.0,59783.0,59949.0,59721.0,59762.0,59839.0,59640.0,59708.0,59858.0,59792.0,59711.0,59572.0,59765.0,59677.0,59744.0,59822.0,59937.0,60128.0,59890.0,60053.0,60125.0,59867.0,60065.0,59635.0,60081.0,60333.0,60586.0,60420.0,60326.0,60051.0,59935.0,59752.0,59630.0,59744.0,59050.0,59204.0,58523.0,58693.0,57975.0,57871.0,58183.0,58005.0,57568.0,58153.0,57520.0,57755.0,57194.0,57496.0
56533.0,56893.0,58000.0,58435.0,58307.0,59105.0,59019.0,59186.0,59324.0,59705.0,59973.0,60249.0,60020.0,59977.0,60514.0,60077.0,60383.0,60767.0,61086.0,60887.0,61253.0,61387.0,61592.0,61557.0,61432.0,61579.0,61130.0,61357.0,60536.0,60440.0,60200.0,60205.0,59736.0,60014.0,60056.0,60061.0,59938.0,59995.0,59875.0,59936.0,59800.0,59610.0,59610.0,59788.0,60099.0,59801.0,59745.0,59604.0,59574.0,59980.0,59878.0,60080.0,59981.0,59924.0,59787.0,59841.0,59995.0,59781.0,59838.0,59717.0,59628.0,60087.0,59796.0,59793.0,59441.0,59531.0,59870.0,59752.0,59924.0,59829.0,60212.0,59739.0,59935.0,60267.0,60046.0,60266.0,59921.0,59715.0,59709.0,59474.0,59403.0,59469.0,59367.0,59260.0,58725.0,58917.0,57817.0,57413.0,56407.0,56075.0,56470.0,56434.0,56475.0,56585.0,56597.0,56581.0,56658.0,56332.0,56356.0,56454.0
58362.0,57791.0,57604.0,57890.0,58092.0,57612.0,57620.0,57924.0,57785.0,57311.0,57726.0,57680.0,57614.0,57760.0,57884.0,59196.0,60059.0,60391.0,60150.0,60695.0,60798.0,60875.0,60936.0,61065.0,61098.0,61324.0,61108.0,61182.0,61202.0,60732.0,60576.0,60379.0,60415.0,60095.0,59838.0,59918.0,59994.0,59674.0,60059.0,60021.0,60020.0,60023.0,59775.0,59833.0,59897.0,59955.0,59770.0,59843.0,59868.0,59780.0,59742.0,59599.0,59462.0,59815.0,59557.0,59950.0,59926.0,59946.0,59621.0,59461.0,59957.0,59618.0,59894.0,59787.0,59908.0,59699.0,59767.0,59828.0,59963.0,59451.0,60191.0,59820.0,59891.0,60215.0,60045.0,60186.0,59913.0,59970.0,60080.0,59303.0,59490.0,59463.0,59498.0,59251.0,59217.0,58978.0,59131.0,58813.0,58249.0,57787.0,57509.0,57248.0,57520.0,57540.0,57328.0,57381.0,57364.0,56756.0,56664.0,56593.0
55946.0,56317.0,57712.0,57983.0,58048.0,58407.0,58520.0,58756.0,58782.0,59032.0,59367.0,59644.0,59988.0,59850.0,60137.0,60502.0,60701.0,61163.0,60794.0,61297.0,61225.0,61212.0,60850.0,60609.0,60274.0,60344.0,60102.0,59987.0,59901.0,60015.0,59919.0,60089.0,60184.0,60059.0,59476.0,60065.0,59905.0,59762.0,59960.0,59965.0,60060.0,59945.0,59666.0,60108.0,59842.0,59920.0,59708.0,59634.0,59779.0,59572.0,59359.0,59735.0,59442.0,59656.0,59575.0,59639.0,59909.0,59438.0,59425.0,59787.0,59572.0,59756.0,59844.0,59788.0,59835.0,59724.0,59678.0,59677.0,59726.0,59703.0,60026.0,59603.0,59492.0,59921.0,59949.0,59646.0,59270.0,59477.0,59288.0,59179.0,59062.0,58866.0,58543.0,58553.0,57966.0,57539.0,57433.0,56974.0,56008.0,55816.0,55753.0,56034.0,56023.0,55902.0,55924.0,55790.0,55951.0,55881.0,55869.0,55809.0
57985.0,57697.0,57199.0,57360.0,57481.0,57309.0,57661.0,57663.0,57488.0,57088.0,57458.0,57444.0,57539.0,57744.0,57755.0,58558.0,59607.0,59460.0,60073.0,60735.0,60795.0,60767.0,60809.0,61165.0,61089.0,60580.0,60351.0,60497.0,60019.0,60130.0,59896.0,60253.0,60024.0,59749.0,59899.0,59801.0,60004.0,59746.0,59649.0,60074.0,59740.0,59571.0,59766.0,59699.0,59742.0,59672.0,59515.0,59870.0,59703.0,59672.0,59841.0,59215.0,59390.0,59606.0,59614.0,59647.0,59780.0,59816.0,59607.0,59352.0,59592.0,59699.0,59716.0,59790.0,59646.0,60080.0,59967.0,59474.0,59823.0,59900.0,59694.0,59737.0,59713.0,59681.0,59342.0,59569.0,59805.0,59394.0,59548.0,59293.0,59206.0,58931.0,58819.0,59268.0,58798.0,58683.0,58410.0,58437.0,58183.0,58195.0,57545.0,57671.0,57619.0,57233.0,57204.0,57088.0,57066.0,56586.0,56642.0,56244.0
55853.0,55967.0,57821.0,57981.0,57899.0,58072.0,58123.0,58525.0,58464.0,58376.0,58896.0,59006.0,59349.0,59663.0,59980.0,60333.0,60606.0,60647.0,60611.0,60588.0,60408.0,60340.0,59953.0,60033.0,59798.0,60302.0,59648.0,59988.0,59982.0,60006.0,59673.0,59721.0,59758.0,59774.0,60137.0,59969.0,59961.0,59694.0,59839.0,59598.0,59585.0,59718.0,59707.0,59512.0,59646.0,59563.0,59765.0,59887.0,59803.0,59696.0,59766.0,59556.0,59482.0,59733.0,59945.0,59673.0,59591.0,59671.0,59695.0,59486.0,59668.0,59583.0,59659.0,59811.0,59857.0,59837.0,59691.0,60088.0,59799.0,59532.0,59602.0,59753.0,59687.0,59543.0,59360.0,59480.0,59811.0,59319.0,59322.0,59200.0,58867.0,58567.0,58183.0,58123.0,57739.0,57923.0,57804.0,56672.0,55568.0,55388.0,55541.0,55640.0,55500.0,54995.0,55644.0,55446.0,55327.0,55476.0,55416.0,55307.0
57882.0,57337.0,57419.0,57536.0,57273.0,57105.0,56998.0,57446.0,57746.0,57364.0,57237.0,57340.0,57314.0,57137.0,57927.0,58393.0,59160.0,59468.0,60158.0,60200.0,60135.0,60471.0,60199.0,60282.0,60111.0,59874.0,59607.0,59646.0,59288.0,59892.0,59591.0,59758.0,59792.0,59835.0,60017.0,59871.0,59807.0,59793.0,59873.0,59789.0,60000.0,59898.0,59784.0,59992.0,59733.0,59688.0,59272.0,59424.0,59333.0,59218.0,59389.0,59701.0,59412.0,59638.0,59397.0,59693.0,59711.0,59898.0,59767.0,59444.0,59486.0,59650.0,59555.0,59729.0,59472.0,59621.0,59559.0,59994.0,59532.0,59595.0,59673.0,59970.0,59582.0,59434.0,59566.0,59267.0,59596.0,59585.0,59456.0,59127.0,59139.0,58924.0,58994.0,58444.0,58378.0,58224.0,58141.0,58261.0,57923.0,57925.0,58049.0,57771.0,57601.0,57440.0,57533.0,56801.0,56935.0,56657.0,56621.0,56090.0
56089.0,55878.0,57646.0,57965.0,57763.0,57870.0,58072.0,58025.0,58148.0,58023.0,58430.0,58482.0,59094.0,59435.0,59610.0,59836.0,59955.0,59899.0,59675.0,59739.0,60141.0,59791.0,59405.0,59720.0,59981.0,59713.0,59676.0,59508.0,59703.0,59934.0,59773.0,59857.0,59871.0,59656.0,59922.0,59887.0,59650.0,59759.0,59865.0,60087.0,59657.0,59254.0,59513.0,59531.0,59282.0,59550.0,59727.0,59474.0,59493.0,59292.0,59501.0,59341.0,59343.0,59600.0,59659.0,59610.0,59798.0,59707.0,59827.0,59371.0,59508.0,59259.0,59460.0,59744.0,59741.0,59573.0,59907.0,59712.0,59846.0,59796.0,59780.0,59589.0,59240.0,59132.0,59286.0,59242.0,59231.0,59244.0,58959.0,58867.0,58100.0,58540.0,58235.0,58460.0,58107.0,58037.0,57642.0,56697.0,55168.0,55151.0,55146.0,55160.0,55100.0,55026.0,54791.0,55148.0,55240.0,54915.0,55245.0,55070.0
57538.0,57494.0,56944.0,57453.0,57137.0,57224.0,57190.0,57405.0,56867.0,57236.0,56787.0,57079.0,57281.0,57643.0,58580.0,59494.0,59682.0,59685.0,59888.0,59525.0,59958.0,59574.0,59671.0,59332.0,59292.0,59573.0,59770.0,59704.0,59581.0,59719.0,59910.0,59448.0,59600.0,59659.0,59970.0,60097.0,59830.0,59931.0,59936.0,59672.0,59839.0,59620.0,59687.0,59649.0,59651.0,59908.0,59672.0,59528.0,59326.0,59559.0,59572.0,59429.0,59470.0,59641.0,59768.0,59507.0,59486.0,59584.0,59609.0,59467.0,59868.0,59489.0,59212.0,59953.0,59647.0,59471.0,59497.0,59877.0,59704.0,59692.0,59627.0,60010.0,59867.0,59789.0,59514.0,59316.0,59374.0,59492.0,58664.0,59018.0,59058.0,58879.0,58829.0,58405.0,58420.0,58199.0,58237.0,57935.0,57903.0,57813.0,57698.0,57270.0,57451.0,57016.0,56920.0,57002.0,56846.0,56088.0,56146.0,55582.0
54645.0,55447.0,57369.0,57495.0,57994.0,57758.0,57938.0,58155.0,58252.0,58068.0,58667.0,58774.0,58908.0,59046.0,59154.0,59331.0,59030.0,59101.0,59123.0,59295.0,59443.0,59319.0,59308.0,59368.0,59587.0,59647.0,59799.0,59966.0,59919.0,59515.0,59853.0,59499.0,59661.0,59637.0,59808.0,59930.0,59722.0,59537.0,59440.0,59587.0,59715.0,59664.0,59541.0,59788.0,59656.0,59783.0,59562.0,59561.0,59500.0,59259.0,59582.0,59833.0,59852.0,59510.0,59740.0,59523.0,59707.0,59704.0,59570.0,59714.0,59411.0,59379.0,59743.0,59558.0,59877.0,59819.0,59515.0,59806.0,59434.0,59983.0,59389.0,59652.0,59542.0,59159.0,58994.0,58787.0,59051.0,59100.0,58750.0,58621.0,58298.0,58581.0,58373.0,58281.0,58358.0,58053.0,57137.0,55697.0,54951.0,54967.0,54993.0,54779.0,54460.0,54777.0,54466.0,54768.0,54612.0,54522.0,54913.0,54860.0
57300.0,57186.0,56999.0,57165.0,57087.0,57130.0,57074.0,56909.0,57033.0,57270.0,56826.0,56794.0,57215.0,57299.0,58242.0,58578.0,59247.0,59429.0,59037.0,58972.0,59308.0,59100.0,59124.0,59065.0,59382.0,59360.0,59482.0,59726.0,59502.0,59387.0,59822.0,59748.0,59472.0,59986.0,59685.0,59797.0,59815.0,59790.0,59929.0,59500.0,59718.0,59945.0,59879.0,59392.0,60099.0,59619.0,59564.0,59287.0,59365.0,59794.0,59493.0,59438.0,59553.0,59575.0,59598.0,59600.0,59579.0,59539.0,59585.0,59604.0,59216.0,59550.0,59441.0,59310.0,59510.0,59631.0,59583.0,59676.0,59659.0,59826.0,59479.0,59538.0,59720.0,59415.0,59650.0,59364.0,59385.0,59104.0,59152.0,58828.0,58746.0,59017.0,58549.0,58840.0,58094.0,58661.0,58131.0,58280.0,57886.0,58023.0,57356.0,57458.0,57007.0,57349.0,56919.0,56823.0,56479.0,56215.0,55844.0,55800.0
54574.0,55155.0,57400.0,57504.0,57493.0,58012.0,57928.0,57883.0,57985.0,58016.0,58419.0,58685.0,58498.0,58820.0,58799.0,59154.0,59125.0,58812.0,59143.0,59622.0,59534.0,59151.0,59259.0,59091.0,59581.0,59600.0,59736.0,59669.0,59510.0,59741.0,59354.0,59232.0,59564.0,59667.0,59696.0,59793.0,59648.0,59773.0,59663.0,59535.0,59579.0,59602.0,59815.0,59607.0,59527.0,60063.0,59543.0,59613.0,59619.0,59765.0,59539.0,59493.0,59595.0,59560.0,59537.0,59377.0,59395.0,59510.0,59655.0,59330.0,59376.0,59494.0,59673.0,59781.0,59516.0,59553.0,59814.0,59566.0,59531.0,59530.0,59460.0,59353.0,59214.0,58983.0,59256.0,58792.0,58644.0,58659.0,58684.0,58620.0,58459.0,58451.0,58251.0,58067.0,57974.0,57775.0,56992.0,55224.0,54225.0,53904.0,54145.0,54025.0,54125.0,53908.0,53958.0,54234.0,54120.0,53937.0,54198.0,54395.0
57141.0,56910.0,56914.0,56717.0,57058.0,56698.0,56874.0,56675.0,56724.0,56963.0,56728.0,57034.0,56971.0,57098.0,57605.0,58590.0,59005.0,58926.0,58684.0,59067.0,59028.0,59172.0,59222.0,59193.0,59239.0,59441.0,59217.0,59544.0,59340.0,59607.0,59745.0,59628.0,59659.0,59418.0,59575.0,59824.0,59510.0,59880.0,59733.0,59924.0,59392.0,59604.0,59509.0,59915.0,59603.0,59701.0,59457.0,59837.0,59652.0,59462.0,59829.0,59505.0,59753.0,59667.0,59644.0,59817.0,59535.0,59762.0,59326.0,59701.0,59441.0,59370.0,59530.0,59451.0,59664.0,59614.0,59634.0,59475.0,59865.0,59446.0,59863.0,59217.0,59508.0,59264.0,59487.0,59538.0,59040.0,59146.0,58894.0,58676.0,58851.0,58837.0,58559.0,58674.0,58400.0,58174.0,58014.0,57852.0,57835.0,57544.0,57593.0,57333.0,57311.0,56491.0,56825.0,56056.0,56280.0,55877.0,55704.0,54829.0
53766.0,54508.0,56990.0,57237.0,57423.0,57976.0,57870.0,57748.0,58002.0,58219.0,58070.0,58283.0,58477.0,58149.0,58613.0,58410.0,58838.0,58751.0,58957.0,59220.0,59325.0,58985.0,59276.0,59152.0,59436.0,59500.0,59145.0,59480.0,59600.0,59257.0,59686.0,59494.0,59475.0,59508.0,59845.0,59361.0,59465.0,59459.0,59771.0,59616.0,59560.0,59522.0,59696.0,59992.0,59546.0,59335.0,59702.0,59388.0,59421.0,59743.0,59627.0,59757.0,59359.0,59438.0,59713.0,59243.0,59203.0,59293.0,59382.0,59497.0,59514.0,59556.0,59599.0,59549.0,59312.0,59531.0,59589.0,59473.0,59223.0,58931.0,59314.0,59164.0,59025.0,58885.0,59094.0,58876.0,58944.0,58767.0,58588.0,58327.0,58492.0,58293.0,57751.0,58363.0,58125.0,57824.0,57128.0,55325.0,53576.0,53679.0,53811.0,53794.0,53603.0,53470.0,53685.0,53410.0,53362.0,53639.0,53509.0,53562.0
57075.0,57162.0,56747.0,56708.0,56764.0,56659.0,56715.0,56547.0,56692.0,56718.0,56732.0,56685.0,56650.0,56910.0,56830.0,56726.0,56676.0,57008.0,58465.0,58882.0,58603.0,59333.0,59300.0,58809.0,59092.0,59287.0,59650.0,59180.0,59207.0,59578.0,59615.0,59328.0,59274.0,59604.0,59484.0,59618.0,59225.0,59646.0,59713.0,59469.0,59153.0,59327.0,59204.0,59647.0,59471.0,59512.0,59835.0,59948.0,59724.0,59581.0,59715.0,59467.0,59585.0,59341.0,59759.0,59618.0,59372.0,59667.0,59627.0,59648.0,59691.0,59582.0,59510.0,59298.0,59661.0,59530.0,59679.0,59641.0,59336.0,59644.0,59363.0,59386.0,59471.0,59077.0,59007.0,59013.0,58958.0,58925.0,58934.0,59012.0,58556.0,58488.0,58359.0,58317.0,58153.0,58240.0,57997.0,57776.0,57472.0,57249.0,57382.0,56982.0,56800.0,56597.0,56539.0,56237.0,56177.0,55753.0,55154.0,54631.0
52921.0,53867.0,56912.0,57318.0,57172.0,57653.0,57645.0,57833.0,57587.0,57878.0,58044.0,58096.0,58188.0,58448.0,58314.0,58495.0,58755.0,58639.0,58869.0,58964.0,59095.0,59144.0,59140.0,59111.0,59404.0,59228.0,59324.0,59362.0,59593.0,59252.0,59404.0,59905.0,59590.0,59536.0,59546.0,59608.0,59545.0,58967.0,59350.0,59275.0,59426.0,59610.0,59555.0,59526.0,59212.0,59240.0,59519.0,59482.0,59512.0,59591.0,59477.0,59214.0,58984.0,59198.0,59473.0,59595.0,59862.0,59362.0,59496.0,59582.0,59443.0,59539.0,59310.0,59292.0,59116.0,59288.0,59005.0,59460.0,59233.0,58940.0,59119.0,58928.0,58836.0,58998.0,59104.0,58452.0,58749.0,58259.0,58113.0,58060.0,58207.0,58267.0,57751.0,58377.0,58264.0,57200.0,55473.0,53456.0,53238.0,52679.0,52595.0,52693.0,52585.0,52520.0,52639.0,52571.0,52571.0,52303.0,52491.0,52614.0
57104.0,56603.0,56616.0,56201.0,56476.0,56382.0,56492.0,56377.0,56155.0,56312.0,56145.0,56105.0,56436.0,56009.0,56546.0,57755.0,58116.0,58044.0,58212.0,58663.0,58651.0,58978.0,58892.0,59021.0,59192.0,58960.0,59323.0,58988.0,59330.0,59300.0,59355.0,59497.0,59216.0,59433.0,59502.0,59560.0,59783.0,59388.0,59321.0,59070.0,59038.0,59196.0,59168.0,59190.0,59636.0,59356.0,59829.0,59860.0,59624.0,59750.0,59218.0,59522.0,59258.0,59005.0,59283.0,59489.0,59403.0,59629.0,59318.0,59325.0,59332.0,59421.0,59301.0,59447.0,59362.0,59344.0,59581.0,59528.0,59241.0,59202.0,58933.0,59262.0,59060.0,59354.0,59237.0,59131.0,59181.0,58898.0,58799.0,58454.0,58482.0,58197.0,58029.0,58163.0,57881.0,57904.0,57456.0,57784.0,57306.0,57578.0,57027.0,56723.0,56720.0,56365.0,55655.0,55876.0,55194.0,54791.0,54059.0,53761.0
53011.0,53403.0,56975.0,57044.0,57269.0,57350.0,57543.0,57289.0,57524.0,58104.0,58228.0,58075.0,58088.0,58449.0,58238.0,58459.0,58480.0,58554.0,58476.0,58980.0,58688.0,58883.0,59029.0,59197.0,58934.0,59073.0,58973.0,59425.0,59409.0,59164.0,59340.0,59327.0,59493.0,59302.0,59467.0,59227.0,59462.0,59267.0,59277.0,59173.0,59479.0,59361.0,59506.0,59392.0,59443.0,59524.0,59384.0,59378.0,59611.0,59145.0,59191.0,59202.0,59331.0,59421.0,59427.0,59489.0,59417.0,59337.0,59487.0,59425.0,59509.0,59479.0,59261.0,59609.0,59107.0,59270.0,59311.0,59271.0,58998.0,58853.0,58965.0,59138.0,58700.0,58853.0,58765.0,58790.0,58419.0,58447.0,58193.0,58292.0,58031.0,57917.0,57733.0,57093.0,57129.0,56446.0,53822.0,52693.0,52083.0,51169.0,51410.0,51226.0,51355.0,51339.0,51478.0,51489.0,51340.0,51089.0,51279.0,51557.0
56370.0,55997.0,55733.0,56002.0,55809.0,55954.0,55797.0,56016.0,55958.0,55836.0,56075.0,56098.0,55860.0,55765.0,56355.0,57477.0,58179.0,58159.0,58528.0,58393.0,58585.0,58405.0,58824.0,58492.0,58961.0,59072.0,58633.0,59071.0,59217.0,58913.0,59051.0,59340.0,59011.0,59169.0,59509.0,59302.0,59254.0,59260.0,59213.0,59442.0,59400.0,59370.0,59645.0,59390.0,59289.0,59592.0,59559.0,59530.0,59078.0,59215.0,59406.0,59272.0,59458.0,59405.0,59414.0,59359.0,59057.0,58835.0,59332.0,59140.0,59367.0,59309.0,59227.0,59111.0,58943.0,59285.0,59246.0,59118.0,59219.0,59178.0,59171.0,59124.0,58735.0,58645.0,58826.0,58837.0,58895.0,58428.0,58580.0,58482.0,58357.0,57965.0,58272.0,58145.0,58054.0,57738.0,57469.0,57291.0,56857.0,56652.0,56450.0,56384.0,56002.0,55947.0,55734.0,55687.0,54806.0,54556.0,54035.0,53565.0
51206.0,51665.0,56533.0,57049.0,56780.0,57252.0,57433.0,57507.0,57434.0,58005.0,57763.0,58035.0,57776.0,57974.0,57996.0,58292.0,58280.0,58296.0,58661.0,58672.0,58787.0,58578.0,58737.0,58686.0,58921.0,59056.0,59439.0,58813.0,59125.0,58915.0,59229.0,59269.0,59056.0,59071.0,59204.0,59269.0,59385.0,59488.0,59102.0,59517.0,59290.0,59371.0,59222.0,59275.0,59344.0,59460.0,59202.0,59283.0,59491.0,59007.0,59151.0,59294.0,59168.0,59027.0,59064.0,59564.0,59279.0,59541.0,59257.0,59233.0,59342.0,59198.0,59294.0,59130.0,59425.0,59281.0,59158.0,58924.0,58825.0,59147.0,59064.0,58852.0,58711.0,58681.0,58498.0,58344.0,58291.0,58298.0,58137.0,57996.0,57892.0,57525.0,56764.0,56618.0,56194.0,54025.0,49472.0,48949.0,49461.0,49975.0,49968.0,49603.0,49934.0,49665.0,49929.0,49811.0,49998.0,49490.0,49855.0,50104.0
56379.0,55530.0,55813.0,55457.0,55508.0,55630.0,55382.0,55235.0,55395.0,55458.0,55300.0,55527.0,55430.0,55642.0,56169.0,57895.0,57527.0,58184.0,58146.0,58087.0,58575.0,58372.0,58927.0,58408.0,58719.0,58799.0,58675.0,58831.0,58705.0,58925.0,59301.0,59020.0,58811.0,58979.0,58995.0,59031.0,59086.0,58886.0,59214.0,59283.0,59151.0,59035.0,59321.0,59527.0,59407.0,59404.0,59328.0,59268.0,59373.0,59271.0,59219.0,59326.0,58880.0,59067.0,59001.0,59142.0,59196.0,59347.0,59408.0,59274.0,59235.0,58781.0,59169.0,59121.0,59249.0,59052.0,58982.0,58958.0,58894.0,58640.0,58919.0,58620.0,58569.0,58794.0,58824.0,58573.0,58546.0,58422.0,58280.0,58207.0,58010.0,58113.0,57743.0,57536.0,57625.0,57031.0,57176.0,56549.0,56590.0,55642.0,55690.0,55537.0,55488.0,55222.0,55131.0,55399.0,54617.0,53886.0,52944.0,51979.0
49465.0,50623.0,56738.0,56505.0,57052.0,57066.0,57075.0,57239.0,57565.0,57287.0,57465.0,57668.0,57565.0,57637.0,57994.0,57962.0,57968.0,57977.0,58593.0,58379.0,58741.0,58586.0,58573.0,58761.0,58720.0,58623.0,58885.0,58814.0,58831.0,58862.0,58826.0,58936.0,58976.0,58946.0,58979.0,58893.0,58874.0,59013.0,59033.0,59187.0,59134.0,58991.0,59273.0,59091.0,59160.0,59162.0,59256.0,59145.0,59095.0,59098.0,59361.0,59073.0,59070.0,58958.0,58996.0,58981.0,59157.0,59305.0,59133.0,58789.0,59110.0,59125.0,58954.0,59249.0,59201.0,58870.0,59005.0,58948.0,58598.0,58816.0,58666.0,58523.0,58306.0,58464.0,58013.0,58283.0,58235.0,58005.0,57762.0,57964.0,57481.0,57456.0,57242.0,57180.0,56748.0,56918.0,55730.0,53039.0,47576.0,47579.0,47979.0,47629.0,47986.0,47739.0,47669.0,47694.0,47743.0,47389.0,47668.0,48403.0
55995.0,55364.0,54481.0,54393.0,54588.0,54454.0,54711.0,54816.0,54644.0,54811.0,54520.0,54693.0,54833.0,55044.0,55004.0,56783.0,57666.0,58266.0,58126.0,57916.0,58011.0,58367.0,58160.0,58548.0,58409.0,58411.0,58545.0,58559.0,58952.0,58803.0,58403.0,58983.0,58686.0,58930.0,59132.0,58816.0,58919.0,58951.0,59154.0,59076.0,58811.0,59094.0,59108.0,58910.0,59131.0,59310.0,59139.0,58970.0,59289.0,59413.0,59074.0,59171.0,59167.0,58909.0,59062.0,59152.0,58808.0,58819.0,58973.0,59032.0,58916.0,59133.0,58899.0,58997.0,59414.0,58721.0,58965.0,59089.0,58648.0,58953.0,59092.0,58531.0,58482.0,58749.0,58193.0,58302.0,58372.0,57886.0,58138.0,57672.0,57920.0,57513.0,57724.0,57243.0,57267.0,56855.0,56721.0,56011.0,55719.0,55598.0,54784.0,54667.0,54993.0,54740.0,54375.0,54029.0,53355.0,52604.0,51290.0,50986.0
47460.0,48272.0,55234.0,55979.0,56501.0,56637.0,56721.0,56981.0,57180.0,57077.0,57175.0,57369.0,57812.0,57720.0,57726.0,57713.0,58073.0,57981.0,58162.0,58042.0,58426.0,58258.0,58312.0,58592.0,58546.0,58425.0,58755.0,59003.0,59046.0,59025.0,58559.0,58761.0,58604.0,58930.0,58711.0,58736.0,59230.0,59234.0,59039.0,58657.0,59006.0,58976.0,58903.0,58782.0,58970.0,58836.0,58808.0,59155.0,58919.0,59074.0,59036.0,58714.0,59056.0,58642.0,59052.0,59298.0,59288.0,58767.0,58963.0,59103.0,58877.0,59162.0,59100.0,58978.0,58707.0,58917.0,58884.0,58822.0,58563.0,58563.0,58640.0,58370.0,58264.0,58031.0,58145.0,58008.0,58185.0,58079.0,57775.0,57313.0,57673.0,57138.0,57295.0,56879.0,56696.0,56626.0,55691.0,53936.0,47741.0,46223.0,46189.0,46160.0,46366.0,46180.0,46211.0,46383.0,46553.0,46195.0,46244.0,46342.0
54896.0,53542.0,52725.0,52870.0,52719.0,53152.0,53016.0,53182.0,53023.0,53234.0,53190.0,52832.0,53247.0,53944.0,54065.0,56685.0,57593.0,57946.0,58025.0,57798.0,57827.0,58041.0,57690.0,57980.0,58012.0,58179.0,58344.0,58489.0,58308.0,58870.0,58908.0,58428.0,58799.0,59348.0,59015.0,58872.0,58834.0,58858.0,58824.0,58932.0,59106.0,58956.0,58743.0,58817.0,59088.0,58933.0,58720.0,58692.0,58868.0,58682.0,58927.0,58716.0,59173.0,59060.0,59066.0,58838.0,58927.0,58622.0,58869.0,58600.0,59006.0,59138.0,59105.0,58886.0,58883.0,58886.0,58651.0,58818.0,58770.0,58631.0,58532.0,58801.0,58468.0,58130.0,58733.0,58131.0,58099.0,57823.0,58049.0,57903.0,57612.0,57646.0,57615.0,57073.0,57315.0,56861.0,56560.0,55759.0,55819.0,55087.0,54843.0,54523.0,54565.0,54283.0,53639.0,53118.0,52309.0,51352.0,49695.0,48349.0
46083.0,47191.0,54655.0,55119.0,55581.0,56100.0,56359.0,56221.0,57071.0,56951.0,56961.0,57251.0,57374.0,57460.0,57380.0,57607.0,57800.0,57747.0,58033.0,57786.0,57554.0,57654.0,57803.0,57991.0,58512.0,58346.0,58603.0,58797.0,58794.0,58834.0,58692.0,58778.0,58844.0,58893.0,58715.0,58707.0,58783.0,58922.0,58818.0,58796.0,58748.0,58780.0,58639.0,58870.0,58746.0,58840.0,58955.0,58814.0,58918.0,58878.0,59086.0,58682.0,58790.0,58956.0,58937.0,58838.0,59014.0,58957.0,59008.0,58613.0,58853.0,58700.0,58836.0,58604.0,58726.0,58730.0,58626.0,58724.0,58565.0,58216.0,58520.0,58042.0,58205.0,58140.0,58002.0,57732.0,57583.0,57561.0,57378.0,57487.0,57010.0,56992.0,56653.0,56397.0,54996.0,54805.0,54472.0,49287.0,45461.0,45492.0,45686.0,45843.0,45605.0,46092.0,45623.0,45741.0,45609.0,45599.0,45871.0,45724.0
54035.0,51819.0,51387.0,51459.0,51341.0,51710.0,51201.0,51511.0,51007.0,51758.0,51180.0,51559.0,51683.0,51254.0,51459.0,51943.0,52549.0,55843.0,57102.0,57717.0,57506.0,58020.0,57691.0,57700.0,57587.0,57493.0,57968.0,57940.0,58271.0,58477.0,58383.0,58640.0,58405.0,58746.0,58737.0,58664.0,58827.0,58710.0,59338.0,58424.0,58941.0,58778.0,58803.0,58783.0,58332.0,58671.0,58893.0,58823.0,58922.0,58729.0,58955.0,58799.0,58767.0,58981.0,58743.0,58725.0,58735.0,58807.0,58888.0,58676.0,59015.0,58643.0,58683.0,58688.0,58739.0,58841.0,58728.0,58568.0,58546.0,58677.0,58543.0,58632.0,58262.0,58259.0,58055.0,58081.0,57619.0,58187.0,57895.0,57505.0,57333.0,57429.0,57493.0,56759.0,57215.0,56861.0,56495.0,55660.0,56012.0,55344.0,54593.0,54124.0,53902.0,53735.0,53339.0,51759.0,51381.0,49720.0,48613.0,46706.0
45846.0,46253.0,53364.0,53800.0,54486.0,54907.0,55967.0,55889.0,56452.0,56575.0,56848.0,56937.0,57162.0,57377.0,57101.0,57644.0,57769.0,57397.0,57590.0,57916.0,57368.0,57729.0,57100.0,57628.0,57643.0,58240.0,58364.0,58383.0,58518.0,58678.0,58251.0,58546.0,58733.0,58578.0,58649.0,58759.0,58852.0,58975.0,58639.0,58790.0,59007.0,58304.0,58253.0,58481.0,58697.0,58416.0,58791.0,58887.0,58710.0,58598.0,58857.0,58920.0,58728.0,58639.0,58676.0,58946.0,59050.0,58567.0,58626.0,58319.0,58336.0,58518.0,58456.0,58484.0,58435.0,58188.0,58630.0,58218.0,58338.0,58378.0,58057.0,57786.0,57961.0,58215.0,58114.0,57554.0,57501.0,57112.0,57223.0,57181.0,56652.0,56890.0,56386.0,56390.0,56241.0,56190.0,54121.0,47660.0,45020.0,45366.0,45581.0,45266.0,45368.0,45337.0,45352.0,45363.0,45361.0,45108.0,45418.0,45576.0
52118.0,51238.0,50301.0,49887.0,49811.0,49928.0,49904.0,50261.0,50178.0,50197.0,50352.0,50003.0,50229.0,50220.0,50326.0,50257.0,50025.0,50208.0,50149.0,50012.0,53650.0,56511.0,57211.0,57325.0,56960.0,56517.0,57479.0,57391.0,57999.0,57698.0,58057.0,58127.0,58296.0,58061.0,58626.0,58528.0,58531.0,58643.0,58883.0,58563.0,58532.0,58825.0,58539.0,58708.0,58495.0,57863.0,58175.0,58126.0,58401.0,58507.0,58767.0,58783.0,58669.0,58516.0,58812.0,58594.0,58525.0,58734.0,58875.0,58652.0,58857.0,58667.0,58517.0,58408.0,58640.0,58084.0,58462.0,58472.0,58717.0,58356.0,58247.0,58516.0,58275.0,57964.0,57715.0,57796.0,57631.0,57942.0,57407.0,57319.0,57387.0,57222.0,57147.0,56864.0,56462.0,56679.0,56251.0,56164.0,55370.0,55207.0,54567.0,53765.0,53148.0,52433.0,50906.0,49826.0,48125.0,47327.0,46690.0,46156.0
45322.0,45930.0,51401.0,51966.0,53625.0,53948.0,54890.0,54724.0,56362.0,55868.0,56520.0,56441.0,56946.0,56725.0,57000.0,57035.0,56904.0,57227.0,57112.0,57259.0,57150.0,56830.0,56985.0,56812.0,57210.0,57572.0,57931.0,57868.0,57923.0,58152.0,58199.0,58387.0,58722.0,58482.0,58414.0,58460.0,58083.0,58265.0,58426.0,58514.0,58644.0,57899.0,57825.0,57544.0,57922.0,58195.0,58444.0,58700.0,58283.0,58574.0,58484.0,58839.0,59132.0,58673.0,58913.0,58430.0,58820.0,58624.0,58474.0,58403.0,58707.0,57900.0,58558.0,58433.0,58356.0,58216.0,58268.0,58450.0,57845.0,57913.0,57810.0,57644.0,57753.0,57441.0,57416.0,57327.0,57476.0,57007.0,57087.0,57037.0,56291.0,56231.0,56621.0,56236.0,56223.0,55968.0,54480.0,48143.0,43742.0,44097.0,44244.0,44349.0,44278.0,44117.0,44371.0,44564.0,44244.0,44347.0,44603.0,44559.0
50122.0,49549.0,49225.0,49234.0,49408.0,49166.0,49400.0,49530.0,49216.0,49308.0,49179.0,49383.0,49265.0,49110.0,49090.0,50530.0,55176.0,56599.0,56625.0,56975.0,57088.0,57295.0,57136.0,57217.0,57064.0,56826.0,56910.0,57458.0,57503.0,57908.0,57855.0,58316.0,57917.0,58248.0,57887.0,58438.0,58330.0,58049.0,58254.0,58345.0,58244.0,58108.0,58075.0,58627.0,58237.0,57954.0,58158.0,57914.0,57906.0,58417.0,58227.0,58464.0,58478.0,58700.0,58394.0,58624.0,58382.0,58446.0,58593.0,58689.0,58393.0,58274.0,58239.0,58340.0,58436.0,58310.0,58456.0,58205.0,58150.0,57877.0,58048.0,58272.0,57954.0,57947.0,57774.0,57473.0,57705.0,57657.0,57503.0,57035.0,56921.0,57056.0,56619.0,56462.0,56416.0,56079.0,55683.0,55087.0,54916.0,54034.0,53731.0,52560.0,52356.0,49835.0,49330.0,47501.0,46925.0,46268.0,46291.0,45526.0
42403.0,45265.0,49836.0,50387.0,51716.0,52516.0,53460.0,54403.0,54805.0,55409.0,55984.0,55997.0,56506.0,56447.0,56797.0,56996.0,56709.0,57011.0,57147.0,57366.0,57108.0,57284.0,57232.0,57516.0,57383.0,57704.0,57733.0,58044.0,57847.0,58035.0,58151.0,58057.0,58086.0,58146.0,57997.0,58323.0,57841.0,58163.0,58060.0,58423.0,57814.0,57923.0,58129.0,58246.0,58400.0,58282.0,58200.0,58197.0,58107.0,58270.0,58038.0,58294.0,58251.0,58347.0,58187.0,58063.0,58207.0,58496.0,58462.0,58443.0,58216.0,58209.0,58328.0,58191.0,58168.0,58060.0,58082.0,58058.0,57887.0,57688.0,57578.0,57505.0,57708.0,57586.0,57242.0,57432.0,57177.0,57146.0,56669.0,56505.0,56309.0,55798.0,55755.0,55614.0,55518.0,54906.0,50490.0,44916.0,42566.0,41970.0,42051.0,42063.0,41662.0,42163.0,41688.0,42127.0,41775.0,42108.0,42114.0,42052.0
49442.0,48812.0,49067.0,49319.0,49276.0,48911.0,49036.0,49307.0,49118.0,49083.0,49159.0,49531.0,49397.0,48871.0,51994.0,55838.0,56690.0,56471.0,56468.0,56826.0,57087.0,56973.0,57114.0,57045.0,57372.0,57409.0,57445.0,57409.0,57709.0,57616.0,57731.0,57990.0,57687.0,57990.0,57706.0,57905.0,58070.0,58400.0,57731.0,57962.0,57968.0,58174.0,57951.0,57825.0,57921.0,58099.0,58045.0,58012.0,58390.0,58056.0,58226.0,58105.0,57964.0,58041.0,57973.0,58220.0,58257.0,58334.0,58531.0,58228.0,58474.0,58461.0,58222.0,58501.0,58047.0,57818.0,57921.0,57940.0,57695.0,58191.0,57754.0,57841.0,57836.0,57496.0,57452.0,57505.0,57191.0,57383.0,57029.0,56986.0,56830.0,56524.0,55941.0,56121.0,55648.0,55728.0,54877.0,54446.0,53402.0,53221.0,51332.0,51157.0,49076.0,48697.0,47766.0,47395.0,46661.0,46603.0,44724.0,44705.0
40554.0,40961.0,49141.0,49466.0,50002.0,50754.0,51236.0,52594.0,53081.0,54124.0,54565.0,55007.0,55792.0,55920.0,56102.0,56403.0,56806.0,56644.0,56986.0,56813.0,56915.0,57076.0,57150.0,57366.0,57256.0,57340.0,57622.0,57646.0,57752.0,57923.0,58199.0,57867.0,58271.0,58083.0,57725.0,57976.0,58162.0,57495.0,58127.0,58053.0,58076.0,58067.0,58169.0,58199.0,58071.0,57645.0,57704.0,57632.0,57495.0,57653.0,57481.0,57786.0,58064.0,58201.0,58314.0,57972.0,57937.0,58240.0,57820.0,58094.0,58165.0,58239.0,57731.0,58123.0,57769.0,57678.0,58064.0,57620.0,57704.0,57332.0,57629.0,57011.0,57145.0,57248.0,56674.0,56779.0,56642.0,56450.0,56146.0,55770.0,55002.0,54362.0,53006.0,47068.0,38073.0,36580.0,37499.0,37595.0,38003.0,37815.0,37843.0,37813.0,37795.0,37797.0,37980.0,37807.0,37631.0,37873.0,37774.0,37875.0
49059.0,48969.0,48784.0,48738.0,48874.0,48877.0,48740.0,48600.0,49109.0,48717.0,48668.0,48751.0,48698.0,48806.0,48861.0,48716.0,48532.0,48664.0,49224.0,50003.0,53866.0,56422.0,56528.0,57153.0,57300.0,57346.0,56947.0,57217.0,57145.0,57373.0,57429.0,57465.0,57571.0,57790.0,57601.0,57655.0,57982.0,57743.0,57683.0,57732.0,57818.0,57909.0,57666.0,57810.0,57731.0,58162.0,57867.0,57796.0,58106.0,57844.0,57213.0,56996.0,56304.0,56130.0,56810.0,57599.0,57707.0,57820.0,58293.0,57723.0,58018.0,58056.0,58047.0,57973.0,57809.0,58080.0,57629.0,57600.0,57520.0,57831.0,57491.0,57259.0,57196.0,57381.0,57220.0,57138.0,56835.0,56698.0,56612.0,56503.0,56089.0,55998.0,55875.0,55604.0,54819.0,54971.0,54029.0,53198.0,52276.0,51396.0,50237.0,49161.0,48425.0,47749.0,47629.0,47081.0,46644.0,44889.0,43724.0,40595.0
32445.0,38661.0,48850.0,48878.0,49186.0,49264.0,49230.0,50702.0,50931.0,52455.0,52469.0,53852.0,54068.0,54615.0,54796.0,55472.0,55787.0,56275.0,56233.0,56610.0,56743.0,56883.0,56727.0,57226.0,56974.0,57397.0,57299.0,57592.0,57927.0,57241.0,57581.0,57588.0,57750.0,57630.0,57767.0,57491.0,57648.0,57933.0,57769.0,57593.0,57986.0,57964.0,57883.0,57750.0,57687.0,57387.0,56020.0,55490.0,54254.0,54462.0,55201.0,55114.0,57130.0,57902.0,57891.0,58002.0,57709.0,57870.0,58015.0,57996.0,57873.0,57841.0,57732.0,57629.0,57354.0,57377.0,57438.0,57501.0,57216.0,57113.0,57010.0,56997.0,56822.0,56684.0,56380.0,56432.0,56314.0,55950.0,55644.0,55127.0,54861.0,53062.0,52524.0,50670.0,45489.0,34874.0,32969.0,30478.0,30727.0,30700.0,30523.0,30617.0,30072.0,30507.0,30729.0,30921.0,30837.0,31255.0,30801.0,30941.0
48489.0,46758.0,46908.0,46715.0,46748.0,46646.0,46941.0,47071.0,47278.0,46731.0,46787.0,46893.0,46915.0,46763.0,46325.0,45826.0,47257.0,50285.0,53553.0,53800.0,54949.0,55738.0,56147.0,56473.0,56454.0,56857.0,56982.0,57072.0,57161.0,57211.0,57493.0,57164.0,57283.0,57448.0,57470.0,56953.0,57410.0,57645.0,57703.0,57633.0,57908.0,57851.0,57682.0,57686.0,57378.0,57506.0,57693.0,57596.0,57488.0,57628.0,56514.0,55006.0,53100.0,54109.0,54527.0,56294.0,57389.0,57753.0,57977.0,57873.0,57885.0,57585.0,57867.0,57799.0,57423.0,57786.0,57286.0,57298.0,57455.0,57073.0,57174.0,56971.0,57135.0,57003.0,56737.0,56775.0,56380.0,56195.0,56286.0,55609.0,55380.0,54660.0,54485.0,53681.0,53800.0,51934.0,51802.0,50111.0,49570.0,48405.0,48360.0,48321.0,48057.0,47577.0,46675.0,45668.0,43887.0,42149.0,38758.0,36154.0
27169.0,30743.0,48083.0,48340.0,48929.0,49068.0,48799.0,49183.0,49578.0,50286.0,51008.0,51776.0,52007.0,52917.0,53865.0,54621.0,54638.0,55469.0,55583.0,56302.0,56370.0,56485.0,56487.0,56988.0,56819.0,56861.0,56871.0,56982.0,56757.0,57170.0,57208.0,57483.0,57517.0,57080.0,57473.0,57475.0,57398.0,57421.0,57472.0,57603.0,57472.0,57606.0,57490.0,57406.0,57164.0,57086.0,56881.0,55218.0,54757.0,54204.0,54667.0,56505.0,56855.0,57631.0,57837.0,57721.0,57675.0,57703.0,57778.0,57673.0,57628.0,57614.0,57387.0,57313.0,57242.0,57243.0,57241.0,57008.0,56840.0,56650.0,56837.0,56563.0,56201.0,56298.0,55876.0,55977.0,55283.0,55108.0,54383.0,54348.0,53170.0,52709.0,51119.0,51077.0,50355.0,49971.0,47781.0,31665.0,19435.0,20510.0,21591.0,21625.0,21468.0,21470.0,21484.0,21510.0,21541.0,21557.0,21556.0,22933.0
45758.0,45178.0,42543.0,42100.0,42156.0,42456.0,42354.0,42320.0,42344.0,42250.0,42390.0,42306.0,41745.0,41730.0,48801.0,51085.0,53184.0,53541.0,53818.0,54294.0,54504.0,54739.0,55426.0,55756.0,55954.0,56327.0,56165.0,56629.0,56771.0,56780.0,56916.0,57031.0,56989.0,57088.0,57357.0,57417.0,57242.0,57186.0,57442.0,57315.0,57131.0,57551.0,57283.0,57755.0,57458.0,57434.0,57344.0,57236.0,56865.0,56616.0,56222.0,55546.0,55676.0,55538.0,55812.0,56595.0,56769.0,57225.0,57443.0,57737.0,57711.0,57467.0,57185.0,57505.0,57271.0,57565.0,57311.0,57109.0,56886.0,57101.0,56766.0,56663.0,56596.0,56273.0,55911.0,56183.0,55716.0,55572.0,54845.0,54706.0,53708.0,53932.0,52646.0,52276.0,50888.0,50596.0,49130.0,49203.0,48614.0,48483.0,47905.0,47232.0,45806.0,44939.0,44020.0,42650.0,39392.0,35617.0,31919.0,26406.0
17158.0,22033.0,44441.0,46655.0,47856.0,48787.0,48986.0,48976.0,49022.0,48846.0,49138.0,49815.0,49591.0,50838.0,51252.0,52399.0,52631.0,53994.0,53818.0,54788.0,55200.0,55825.0,55760.0,56101.0,56370.0,56446.0,56393.0,56654.0,56553.0,56891.0,56938.0,56748.0,57037.0,57277.0,57162.0,57411.0,56979.0,57211.0,57064.0,57159.0,56879.0,57253.0,57278.0,56988.0,56755.0,56793.0,56527.0,56435.0,56153.0,56334.0,56506.0,56641.0,56767.0,57091.0,57304.0,57442.0,57611.0,57292.0,57226.0,57310.0,57369.0,57227.0,57305.0,57000.0,56955.0,57019.0,56551.0,56677.0,56344.0,56057.0,55990.0,55659.0,55408.0,55011.0,54589.0,54615.0,54522.0,53494.0,53166.0,51947.0,51505.0,49689.0,49512.0,48619.0,49038.0,46980.0,28362.0,15450.0,14256.0,13347.0,13621.0,13639.0,13606.0,13562.0,13516.0,13522.0,13651.0,13201.0,13455.0,13666.0
